종목코드,종목명,시장
005930,삼성전자,KOSPI
000660,SK하이닉스,KOSPI
373220,LG에너지솔루션,KOSPI
207940,삼성바이오로직스,KOSPI
005935,삼성전자우,KOSPI
012450,한화에어로스페이스,KOSPI
005380,현대차,KOSPI
105560,KB금융,KOSPI
329180,HD현대중공업,KOSPI
034020,두산에너빌리티,KOSPI
000270,기아,KOSPI
068270,셀트리온,KOSPI
035420,NAVER,KOSPI
042660,한화오션,KOSPI
055550,신한지주,KOSPI
035720,카카오,KOSPI
028260,삼성물산,KOSPI
012330,현대모비스,KOSPI
009540,HD한국조선해양,KOSPI
015760,한국전력,KOSPI
032830,삼성생명,KOSPI
086790,하나금융지주,KOSPI
005490,POSCO홀딩스,KOSPI
011200,HMM,KOSPI
138040,메리츠금융지주,KOSPI
000810,삼성화재,KOSPI
064350,현대로템,KOSPI
051910,LG화학,KOSPI
316140,우리금융지주,KOSPI
402340,SK스퀘어,KOSPI
267260,HD현대일렉트릭,KOSPI
006400,삼성SDI,KOSPI
033780,KT&G,KOSPI
010140,삼성중공업,KOSPI
096770,SK이노베이션,KOSPI
010130,고려아연,KOSPI
024110,기업은행,KOSPI
259960,크래프톤,KOSPI
034730,SK,KOSPI
030200,KT,KOSPI
003670,포스코퓨처엠,KOSPI
323410,카카오뱅크,KOSPI
066570,LG전자,KOSPI
086280,현대글로비스,KOSPI
003550,LG,KOSPI
017670,SK텔레콤,KOSPI
018260,삼성에스디에스,KOSPI
009150,삼성전기,KOSPI
352820,하이브,KOSPI
079550,LIG넥스원,KOSPI
298040,효성중공업,KOSPI
006800,미래에셋증권,KOSPI
267250,HD현대,KOSPI
003230,삼양식품,KOSPI
272210,한화시스템,KOSPI
000150,두산,KOSPI
010120,LS ELECTRIC,KOSPI
443060,HD현대마린솔루션,KOSPI
005830,DB손해보험,KOSPI
000100,유한양행,KOSPI
003490,대한항공,KOSPI
459580,KODEX CD금리액티브(합성),KOSPI
360750,TIGER 미국S&P500,KOSPI
047810,한국항공우주,KOSPI
377300,카카오페이,KOSPI
047050,포스코인터내셔널,KOSPI
042700,한미반도체,KOSPI
278470,에이피알,KOSPI
180640,한진칼,KOSPI
010620,HD현대미포,KOSPI
326030,SK바이오팜,KOSPI
000720,현대건설,KOSPI
071050,한국금융지주,KOSPI
021240,코웨이,KOSPI
090430,아모레퍼시픽,KOSPI
069500,KODEX 200,KOSPI
010950,S-Oil,KOSPI
488770,KODEX 머니마켓액티브,KOSPI
064400,LG씨엔에스,KOSPI
000880,한화,KOSPI
005940,NH투자증권,KOSPI
016360,삼성증권,KOSPI
032640,LG유플러스,KOSPI
029780,삼성카드,KOSPI
005387,현대차2우B,KOSPI
088980,맥쿼리인프라,KOSPI
161390,한국타이어앤테크놀로지,KOSPI
034220,LG디스플레이,KOSPI
133690,TIGER 미국나스닥100,KOSPI
241560,두산밥캣,KOSPI
039490,키움증권,KOSPI
006260,LS,KOSPI
009830,한화솔루션,KOSPI
028050,삼성E&A,KOSPI
251270,넷마블,KOSPI
379800,KODEX 미국S&P500,KOSPI
007660,이수페타시스,KOSPI
357870,TIGER CD금리투자KIS(합성),KOSPI
051900,LG생활건강,KOSPI
138930,BNK금융지주,KOSPI
001040,CJ,KOSPI
004020,현대제철,KOSPI
078930,GS,KOSPI
271560,오리온,KOSPI
036570,엔씨소프트,KOSPI
175330,JB금융지주,KOSPI
307950,현대오토에버,KOSPI
439260,대한조선,KOSPI
035250,강원랜드,KOSPI
454910,두산로보틱스,KOSPI
423160,KODEX KOFR금리액티브(합성),KOSPI
036460,한국가스공사,KOSPI
005385,현대차우,KOSPI
011790,SKC,KOSPI
097950,CJ제일제당,KOSPI
011070,LG이노텍,KOSPI
022100,포스코DX,KOSPI
450080,에코프로머티,KOSPI
273130,KODEX 종합채권(AA-이상)액티브,KOSPI
062040,산일전기,KOSPI
052690,한전기술,KOSPI
128940,한미약품,KOSPI
302440,SK바이오사이언스,KOSPI
103140,풍산,KOSPI
002380,KCC,KOSPI
017800,현대엘리베이터,KOSPI
381170,TIGER 미국테크TOP10 INDXX,KOSPI
082740,한화엔진,KOSPI
042670,HD현대인프라코어,KOSPI
001440,대한전선,KOSPI
008930,한미사이언스,KOSPI
088350,한화생명,KOSPI
379810,KODEX 미국나스닥100,KOSPI
031210,서울보증보험,KOSPI
192820,코스맥스,KOSPI
011780,금호석유화학,KOSPI
004990,롯데지주,KOSPI
102110,TIGER 200,KOSPI
489790,한화비전,KOSPI
026960,동서,KOSPI
449170,TIGER KOFR금리액티브(합성),KOSPI
278530,KODEX 200TR,KOSPI
071970,HD현대마린엔진,KOSPI
012750,에스원,KOSPI
483650,달바글로벌,KOSPI
066970,엘앤에프,KOSPI
011170,롯데케미칼,KOSPI
111770,영원무역,KOSPI
462870,시프트업,KOSPI
383220,F&F,KOSPI
139480,이마트,KOSPI
381180,TIGER 미국필라델피아반도체나스닥,KOSPI
455890,RISE 머니마켓액티브,KOSPI
001450,현대해상,KOSPI
122630,KODEX 레버리지,KOSPI
051600,한전KPS,KOSPI
018670,SK가스,KOSPI
004370,농심,KOSPI
030000,제일기획,KOSPI
002790,아모레퍼시픽홀딩스,KOSPI
018880,한온시스템,KOSPI
481050,KODEX CD1년금리플러스액티브(합성),KOSPI
453850,ACE 미국30년국채액티브(H),KOSPI
000240,한국앤컴퍼니,KOSPI
139130,iM금융지주,KOSPI
081660,미스토홀딩스,KOSPI
360200,ACE 미국S&P500,KOSPI
028670,팬오션,KOSPI
458730,TIGER 미국배당다우존스,KOSPI
001720,신영증권,KOSPI
003690,코리안리,KOSPI
161890,한국콜마,KOSPI
282330,BGF리테일,KOSPI
034230,파라다이스,KOSPI
361610,SK아이이테크놀로지,KOSPI
000990,DB하이텍,KOSPI
012510,더존비즈온,KOSPI
023530,롯데쇼핑,KOSPI
000120,CJ대한통운,KOSPI
008770,호텔신라,KOSPI
014680,한솔케미칼,KOSPI
112610,씨에스윈드,KOSPI
006040,동원산업,KOSPI
020560,아시아나항공,KOSPI
103590,일진전기,KOSPI
010060,OCI홀딩스,KOSPI
233740,KODEX 코스닥150레버리지,KOSPI
375500,DL이앤씨,KOSPI
267270,HD현대건설기계,KOSPI
009970,영원무역홀딩스,KOSPI
003570,SNT다이내믹스,KOSPI
453540,TIGER 25-10 회사채(A+이상)액티브,KOSPI
004170,신세계,KOSPI
069960,현대백화점,KOSPI
367380,ACE 미국나스닥100,KOSPI
006360,GS건설,KOSPI
017960,한국카본,KOSPI
385540,RISE 종합채권(A-이상)액티브,KOSPI
204320,HL만도,KOSPI
214980,KODEX 단기채권PLUS,KOSPI
007310,오뚜기,KOSPI
047040,대우건설,KOSPI
310970,TIGER MSCI Korea TR,KOSPI
006280,녹십자,KOSPI
294870,HDC현대산업개발,KOSPI
005850,에스엘,KOSPI
069620,대웅제약,KOSPI
000155,두산우,KOSPI
336260,두산퓨얼셀,KOSPI
252670,KODEX 200선물인버스2X,KOSPI
371460,TIGER 차이나전기차SOLACTIVE,KOSPI
148020,RISE 200,KOSPI
161510,PLUS 고배당주,KOSPI
007340,DN오토모티브,KOSPI
457190,이수스페셜티케미컬,KOSPI
023590,다우기술,KOSPI
004800,효성,KOSPI
300720,한일시멘트,KOSPI
484870,엠앤씨솔루션,KOSPI
009420,한올바이오파마,KOSPI
012630,HDC,KOSPI
395400,SK리츠,KOSPI
032350,롯데관광개발,KOSPI
102780,KODEX 삼성그룹,KOSPI
007070,GS리테일,KOSPI
000080,하이트진로,KOSPI
082640,동양생명,KOSPI
073240,금호타이어,KOSPI
005070,코스모신소재,KOSPI
466920,SOL 조선TOP3플러스,KOSPI
411060,ACE KRX금현물,KOSPI
020150,롯데에너지머티리얼즈,KOSPI
011210,현대위아,KOSPI
005440,현대지에프홀딩스,KOSPI
476550,TIGER 미국30년국채커버드콜액티브(H),KOSPI
494900,TIGER 25-12 금융채(AA-이상),KOSPI
229640,LS에코에너지,KOSPI
009450,경동나비엔,KOSPI
001800,오리온홀딩스,KOSPI
610063,메리츠 KIS CD금리투자 ETN,KOSPI
100090,SK오션플랜트,KOSPI
003540,대신증권,KOSPI
085620,미래에셋생명,KOSPI
003090,대웅,KOSPI
137310,에스디바이오센서,KOSPI
003530,한화투자증권,KOSPI
192080,더블유게임즈,KOSPI
005300,롯데칠성,KOSPI
229200,KODEX 코스닥150,KOSPI
449450,PLUS K방산,KOSPI
001120,LX인터내셔널,KOSPI
330590,롯데리츠,KOSPI
077970,STX엔진,KOSPI
353200,대덕전자,KOSPI
185750,종근당,KOSPI
120110,코오롱인더,KOSPI
292150,TIGER TOP10,KOSPI
097230,HJ중공업,KOSPI
192400,쿠쿠홀딩스,KOSPI
305720,KODEX 2차전지산업,KOSPI
280360,롯데웰푸드,KOSPI
368590,RISE 미국나스닥100,KOSPI
365550,ESR켄달스퀘어리츠,KOSPI
114090,GKL,KOSPI
003240,태광산업,KOSPI
000500,가온전선,KOSPI
051915,LG화학우,KOSPI
379780,RISE 미국S&P500,KOSPI
004000,롯데정밀화학,KOSPI
089860,롯데렌탈,KOSPI
009240,한샘,KOSPI
001430,세아베스틸지주,KOSPI
285130,SK케미칼,KOSPI
477080,RISE CD금리액티브(합성),KOSPI
000815,삼성화재우,KOSPI
479080,1Q 머니마켓액티브,KOSPI
371160,TIGER 차이나항셍테크,KOSPI
451540,TIGER 종합채권(AA-이상)액티브,KOSPI
100840,SNT에너지,KOSPI
415640,KB발해인프라,KOSPI
006120,SK디스커버리,KOSPI
001740,SK네트웍스,KOSPI
030610,교보증권,KOSPI
298020,효성티앤씨,KOSPI
491080,KODEX 25-12 은행채(AAA)액티브,KOSPI
700026,하나 CD금리투자 ETN,KOSPI
294400,KIWOOM 200TR,KOSPI
181710,NHN,KOSPI
475630,TIGER CD1년금리액티브(합성),KOSPI
000210,DL,KOSPI
458760,TIGER 미국배당다우존스타겟커버드콜2호,KOSPI
436140,SOL 종합채권(AA-이상)액티브,KOSPI
499790,GS피앤엘,KOSPI
071320,지역난방공사,KOSPI
305540,TIGER 2차전지테마,KOSPI
157450,TIGER 단기통안채,KOSPI
030190,NICE평가정보,KOSPI
315930,KODEX Top5PlusTR,KOSPI
457480,ACE 테슬라밸류체인액티브,KOSPI
004490,세방전지,KOSPI
108320,LX세미콘,KOSPI
469830,SOL 초단기채권액티브,KOSPI
356540,ACE 종합채권(AA-이상)KIS액티브,KOSPI
014820,동원시스템즈,KOSPI
008730,율촌화학,KOSPI
064960,SNT모티브,KOSPI
950210,프레스티지바이오파마,KOSPI
458250,TIGER 미국30년국채스트립액티브(합성 H),KOSPI
036530,SNT홀딩스,KOSPI
039130,하나투어,KOSPI
001530,DI동일,KOSPI
298050,HS효성첨단소재,KOSPI
001680,대상,KOSPI
003030,세아제강지주,KOSPI
079160,CJ CGV,KOSPI
475150,SK이터닉스,KOSPI
498400,KODEX 200타겟위클리커버드콜,KOSPI
000670,영풍,KOSPI
005690,파미셀,KOSPI
079900,전진건설로봇,KOSPI
486290,TIGER 미국나스닥100타겟데일리커버드콜,KOSPI
446720,SOL 미국배당다우존스,KOSPI
075580,세진중공업,KOSPI
214320,이노션,KOSPI
152100,PLUS 200,KOSPI
473290,KODEX 26-12 회사채(AA-이상)액티브,KOSPI
248070,솔루엠,KOSPI
114800,KODEX 인버스,KOSPI
449180,KODEX 미국S&P500(H),KOSPI
272580,TIGER 단기채권액티브,KOSPI
002840,미원상사,KOSPI
550082,N2 KIS CD금리투자 ETN,KOSPI
487230,KODEX 미국AI전력핵심인프라,KOSPI
381970,케이카,KOSPI
000640,동아쏘시오홀딩스,KOSPI
005180,빙그레,KOSPI
476810,KODEX 25-11 은행채(AA-이상)PLUS액티브,KOSPI
069260,TKG휴켐스,KOSPI
000070,삼양홀딩스,KOSPI
005250,녹십자홀딩스,KOSPI
451800,한화리츠,KOSPI
003850,보령,KOSPI
396500,TIGER Fn반도체TOP10,KOSPI
465580,ACE 미국빅테크TOP7 Plus,KOSPI
003470,유안타증권,KOSPI
000370,한화손해보험,KOSPI
268280,미원에스씨,KOSPI
278540,KODEX MSCI Korea TR,KOSPI
481060,KODEX 미국30년국채타겟커버드콜(합성 H),KOSPI
007700,F&F홀딩스,KOSPI
329200,TIGER 리츠부동산인프라,KOSPI
091160,KODEX 반도체,KOSPI
456600,TIMEFOLIO 글로벌AI인공지능액티브,KOSPI
145720,덴티움,KOSPI
002030,아세아,KOSPI
003620,KG모빌리티,KOSPI
314250,KODEX 미국빅테크10(H),KOSPI
466940,TIGER 은행고배당플러스TOP10,KOSPI
293940,신한알파리츠,KOSPI
281820,케이씨텍,KOSPI
066575,LG전자우,KOSPI
484790,KODEX 미국30년국채액티브(H),KOSPI
005420,코스모화학,KOSPI
249420,일동제약,KOSPI
057050,현대홈쇼핑,KOSPI
025540,한국단자,KOSPI
760009,키움 CD금리투자 ETN,KOSPI
009410,태영건설,KOSPI
019170,신풍제약,KOSPI
284740,쿠쿠홈시스,KOSPI
402970,ACE 미국배당다우존스,KOSPI
006650,대한유화,KOSPI
001570,금양,KOSPI
439870,KODEX 국고채30년액티브,KOSPI
271940,일진하이솔루스,KOSPI
017810,풀무원,KOSPI
383800,LX홀딩스,KOSPI
006380,카프로,KOSPI
037270,YG PLUS,KOSPI
336370,솔루스첨단소재,KOSPI
010780,아이에스동서,KOSPI
005810,풍산홀딩스,KOSPI
153130,KODEX 단기채권,KOSPI
003300,한일홀딩스,KOSPI
114260,KODEX 국고채3년,KOSPI
148070,KIWOOM 국고채10년,KOSPI
005880,대한해운,KOSPI
161000,애경케미칼,KOSPI
005390,신성통상,KOSPI
139260,TIGER 200 IT,KOSPI
002350,넥센타이어,KOSPI
016380,KG스틸,KOSPI
002960,한국쉘석유,KOSPI
002020,코오롱,KOSPI
089590,제주항공,KOSPI
093050,LF,KOSPI
453340,현대그린푸드,KOSPI
004690,삼천리,KOSPI
017940,E1,KOSPI
071055,한국금융지주우,KOSPI
438330,TIGER 우량회사채액티브,KOSPI
226490,KODEX 코스피,KOSPI
183190,아세아시멘트,KOSPI
145990,삼양사,KOSPI
377740,바이오노트,KOSPI
014830,유니드,KOSPI
000400,롯데손해보험,KOSPI
093370,후성,KOSPI
001270,부국증권,KOSPI
456610,TIGER 미국달러SOFR금리액티브(합성),KOSPI
497570,TIGER 미국필라델피아AI반도체나스닥,KOSPI
006220,제주은행,KOSPI
058650,세아홀딩스,KOSPI
456040,OCI,KOSPI
090460,비에이치,KOSPI
385560,RISE KIS국고채30년Enhanced,KOSPI
348950,제이알글로벌리츠,KOSPI
580058,KB KIS CD금리투자 ETN,KOSPI
001060,JW중외제약,KOSPI
097520,엠씨넥스,KOSPI
178920,PI첨단소재,KOSPI
016800,퍼시스,KOSPI
460860,동국제강,KOSPI
441640,KODEX 미국배당커버드콜액티브,KOSPI
003545,대신증권우,KOSPI
462010,TIGER 2차전지소재Fn,KOSPI
001500,현대차증권,KOSPI
474220,TIGER 미국테크TOP10타겟커버드콜,KOSPI
105190,ACE 200,KOSPI
091180,KODEX 자동차,KOSPI
322000,HD현대에너지솔루션,KOSPI
454780,KIWOOM 종합채권(AA-이상)액티브,KOSPI
530031,삼성 레버리지 WTI원유 선물 ETN,KOSPI
451000,PLUS 종합채권(AA-이상)액티브,KOSPI
344820,KCC글라스,KOSPI
002240,고려제강,KOSPI
453870,TIGER 인도니프티50,KOSPI
449190,KODEX 미국나스닥100(H),KOSPI
024720,콜마홀딩스,KOSPI
029530,신도리코,KOSPI
447770,TIGER 테슬라채권혼합Fn,KOSPI
002710,TCC스틸,KOSPI
390390,KODEX 미국반도체,KOSPI
005610,SPC삼립,KOSPI
494670,TIGER 조선TOP10,KOSPI
034310,NICE,KOSPI
272450,진에어,KOSPI
455030,KODEX 미국달러SOFR금리액티브(합성),KOSPI
241590,화승엔터프라이즈,KOSPI
090435,아모레퍼시픽우,KOSPI
009900,명신산업,KOSPI
364980,TIGER 2차전지TOP10,KOSPI
483280,KODEX 미국AI테크TOP10타겟커버드콜,KOSPI
426030,TIMEFOLIO 미국나스닥100액티브,KOSPI
475720,RISE 200위클리커버드콜,KOSPI
192650,드림텍,KOSPI
018250,애경산업,KOSPI
013890,지누스,KOSPI
017860,DS단석,KOSPI
448290,TIGER 미국S&P500(H),KOSPI
004700,조광피혁,KOSPI
480260,TIGER 27-04회사채(A+이상)액티브,KOSPI
069660,KIWOOM 200,KOSPI
329750,TIGER 미국달러단기채권액티브,KOSPI
170900,동아에스티,KOSPI
471230,KODEX 국고채10년액티브,KOSPI
357120,코람코라이프인프라리츠,KOSPI
033240,자화전자,KOSPI
453810,KODEX 인도Nifty50,KOSPI
403550,쏘카,KOSPI
094800,맵스리얼티1,KOSPI
003280,흥아해운,KOSPI
016590,신대양제지,KOSPI
487240,KODEX AI전력핵심설비,KOSPI
195870,해성디에스,KOSPI
500019,신한 레버리지 WTI원유 선물 ETN(H),KOSPI
105630,한세실업,KOSPI
472870,RISE 미국30년국채엔화노출(합성 H),KOSPI
498410,KODEX 금융고배당TOP10타겟위클리커버드콜,KOSPI
091810,티웨이항공,KOSPI
476800,KODEX 한국부동산리츠인프라,KOSPI
130660,한전산업,KOSPI
306200,세아제강,KOSPI
031430,신세계인터내셔날,KOSPI
477050,PLUS 머니마켓액티브,KOSPI
026890,스틱인베스트먼트,KOSPI
006390,한일현대시멘트,KOSPI
091170,KODEX 은행,KOSPI
475560,더본코리아,KOSPI
448730,삼성FN리츠,KOSPI
441680,TIGER 미국나스닥100커버드콜(합성),KOSPI
003520,영진약품,KOSPI
034120,SBS,KOSPI
432320,KB스타리츠,KOSPI
251350,KODEX MSCI선진국,KOSPI
003160,디아이,KOSPI
293180,HANARO 200,KOSPI
438080,ACE 미국S&P500채권혼합액티브,KOSPI
072710,농심홀딩스,KOSPI
102970,KODEX 증권,KOSPI
016610,DB증권,KOSPI
027410,BGF,KOSPI
025860,남해화학,KOSPI
003960,사조대림,KOSPI
092790,넥스틸,KOSPI
006110,삼아알미늄,KOSPI
434730,HANARO 원자력iSelect,KOSPI
005389,현대차3우B,KOSPI
126560,현대퓨처넷,KOSPI
084010,대한제강,KOSPI
900140,엘브이엠씨홀딩스,KOSPI
060980,HL홀딩스,KOSPI
003920,남양유업,KOSPI
084690,대상홀딩스,KOSPI
015360,INVENI,KOSPI
494890,KODEX 200액티브,KOSPI
000157,두산2우B,KOSPI
251600,PLUS 고배당주채권혼합,KOSPI
363570,KODEX 장기종합채권(AA-이상)액티브,KOSPI
093230,이아이디,KOSPI
005090,SGC에너지,KOSPI
020000,한섬,KOSPI
489250,KODEX 미국배당다우존스,KOSPI
001940,KISCO홀딩스,KOSPI
446770,ACE 글로벌반도체TOP4 Plus SOLACTIVE,KOSPI
499660,TIGER CD금리플러스액티브(합성),KOSPI
455850,SOL AI반도체소부장,KOSPI
033270,유나이티드제약,KOSPI
479520,RISE KOFR금리액티브(합성),KOSPI
126720,수산인더스트리,KOSPI
003000,부광약품,KOSPI
286940,롯데이노베이트,KOSPI
007690,국도화학,KOSPI
009160,SIMPAC,KOSPI
476450,KIWOOM 머니마켓액티브,KOSPI
200880,서연이화,KOSPI
003120,일성아이에스,KOSPI
000320,노루홀딩스,KOSPI
482730,TIGER 미국S&P500타겟데일리커버드콜,KOSPI
002310,아세아제지,KOSPI
104700,한국철강,KOSPI
494300,KODEX 미국나스닥100데일리커버드콜OTM,KOSPI
001200,유진투자증권,KOSPI
570090,한투 KIS CD금리투자 ETN,KOSPI
005945,NH투자증권우,KOSPI
011760,현대코퍼레이션,KOSPI
196230,RISE 단기통안채,KOSPI
005720,넥센,KOSPI
000680,LS네트웍스,KOSPI
009290,광동제약,KOSPI
002320,한진,KOSPI
136490,선진,KOSPI
462330,KODEX 2차전지산업레버리지,KOSPI
011930,신성이엔지,KOSPI
385550,RISE 단기채권알파액티브,KOSPI
034830,한국토지신탁,KOSPI
017390,서울가스,KOSPI
228790,TIGER 화장품,KOSPI
302190,TIGER 중장기국채,KOSPI
001510,SK증권,KOSPI
487340,ACE 머니마켓액티브,KOSPI
475080,KODEX 테슬라커버드콜채권혼합액티브,KOSPI
194370,제이에스코퍼레이션,KOSPI
001390,KG케미칼,KOSPI
123890,한국자산신탁,KOSPI
002810,삼영무역,KOSPI
481180,SOL 미국AI소프트웨어,KOSPI
003350,한국화장품제조,KOSPI
473330,SOL 미국30년국채커버드콜(합성),KOSPI
261260,KODEX 미국달러선물인버스2X,KOSPI
029460,케이씨,KOSPI
035150,백산,KOSPI
010690,화신,KOSPI
395160,KODEX AI반도체,KOSPI
365780,ACE 국고채10년,KOSPI
437080,KODEX 미국종합채권ESG액티브(H),KOSPI
463250,TIGER K방산&우주,KOSPI
003220,대원제약,KOSPI
226320,잇츠한불,KOSPI
009680,모토닉,KOSPI
439860,KODEX ESG종합채권(A-이상)액티브,KOSPI
005500,삼진제약,KOSPI
139230,TIGER 200 중공업,KOSPI
015860,일진홀딩스,KOSPI
092230,KPX홀딩스,KOSPI
490490,SOL 미국배당미국채혼합50,KOSPI
377190,디앤디플랫폼리츠,KOSPI
007810,코리아써키트,KOSPI
304660,KODEX 미국30년국채울트라선물(H),KOSPI
091230,TIGER 반도체,KOSPI
273140,KODEX 단기변동금리부채권액티브,KOSPI
466950,TIGER 글로벌AI액티브,KOSPI
001820,삼화콘덴서,KOSPI
000490,대동,KOSPI
008060,대덕,KOSPI
088260,이리츠코크렙,KOSPI
476760,ACE 미국30년국채액티브,KOSPI
245710,ACE 베트남VN30(합성),KOSPI
108670,LX하우시스,KOSPI
000540,흥국화재,KOSPI
001340,PKC,KOSPI
132030,KODEX 골드선물(H),KOSPI
122900,아이마켓코리아,KOSPI
078520,에이블씨엔씨,KOSPI
001790,대한제당,KOSPI
214420,토니모리,KOSPI
394660,TIGER 글로벌자율주행&전기차SOLACTIVE,KOSPI
012030,DB,KOSPI
448300,TIGER 미국나스닥100(H),KOSPI
279530,KODEX 고배당주,KOSPI
442320,RISE 글로벌원자력,KOSPI
251340,KODEX 코스닥150선물인버스,KOSPI
520009,미래에셋 레버리지 원유선물혼합 ETN(H),KOSPI
004360,세방,KOSPI
138490,코오롱ENP,KOSPI
016880,웅진,KOSPI
004980,성신양회,KOSPI
491610,1Q CD금리액티브(합성),KOSPI
004430,송원산업,KOSPI
051905,LG생활건강우,KOSPI
339770,교촌에프앤비,KOSPI
461490,RISE 글로벌자산배분액티브,KOSPI
096760,JW홀딩스,KOSPI
008970,동양철관,KOSPI
388420,RISE 비메모리반도체액티브,KOSPI
434060,KODEX TDF2050액티브,KOSPI
025000,KPX케미칼,KOSPI
002900,TYM,KOSPI
467940,KODEX 25-11 회사채(A+이상)액티브,KOSPI
001230,동국홀딩스,KOSPI
007570,일양약품,KOSPI
241180,TIGER 일본니케이225,KOSPI
395270,HANARO Fn K-반도체,KOSPI
001460,BYC,KOSPI
001130,대한제분,KOSPI
450140,코오롱모빌리티그룹,KOSPI
053210,스카이라이프,KOSPI
037710,광주신세계,KOSPI
005010,휴스틸,KOSPI
298690,에어부산,KOSPI
001630,종근당홀딩스,KOSPI
000480,CR홀딩스,KOSPI
006060,화승인더,KOSPI
001780,알루코,KOSPI
488980,SOL 26-12 회사채(AA-이상)액티브,KOSPI
000140,하이트진로홀딩스,KOSPI
472160,TIGER 미국테크TOP10 INDXX(H),KOSPI
456880,ACE 미국달러SOFR금리(합성),KOSPI
058430,포스코스틸리온,KOSPI
003200,일신방직,KOSPI
361580,RISE 200TR,KOSPI
011500,한농화성,KOSPI
039570,HDC랩스,KOSPI
277630,TIGER 코스피,KOSPI
044450,KSS해운,KOSPI
007160,사조산업,KOSPI
037560,LG헬로비전,KOSPI
438100,ACE 미국나스닥100채권혼합액티브,KOSPI
329650,KODEX TRF3070,KOSPI
084680,이월드,KOSPI
035510,신세계 I&C,KOSPI
472170,TIGER 미국테크TOP10채권혼합,KOSPI
452360,SOL 미국배당다우존스(H),KOSPI
006340,대원전선,KOSPI
423920,TIGER 미국필라델피아반도체레버리지(합성),KOSPI
053690,한미글로벌,KOSPI
117580,대성에너지,KOSPI
002150,도화엔지니어링,KOSPI
033920,무학,KOSPI
458260,TIGER 미국투자등급회사채액티브(H),KOSPI
000430,대원강업,KOSPI
487570,HS효성,KOSPI
095720,웅진씽크빅,KOSPI
105840,우진,KOSPI
452260,한화갤러리아,KOSPI
448540,ACE 엔비디아채권혼합블룸버그,KOSPI
409820,KODEX 미국나스닥100레버리지(합성 H),KOSPI
070960,모나용평,KOSPI
006405,삼성SDI우,KOSPI
484880,SOL 금융지주플러스고배당,KOSPI
486450,SOL 미국AI전력인프라,KOSPI
016580,환인제약,KOSPI
334890,이지스밸류플러스리츠,KOSPI
473460,KODEX 미국서학개미,KOSPI
007460,에이프로젠,KOSPI
007860,서연,KOSPI
463290,1Q 단기금융채액티브,KOSPI
005680,삼영전자,KOSPI
001750,한양증권,KOSPI
138520,TIGER 삼성그룹펀더멘털,KOSPI
295040,SOL 200TR,KOSPI
001250,GS글로벌,KOSPI
200250,KIWOOM 인도Nifty50(합성),KOSPI
495850,KODEX 코리아밸류업,KOSPI
000520,삼일제약,KOSPI
028100,동아지질,KOSPI
010820,퍼스텍,KOSPI
071840,롯데하이마트,KOSPI
102260,동성케미컬,KOSPI
293480,하나제약,KOSPI
008490,서흥,KOSPI
394670,TIGER 글로벌리튬&2차전지SOLACTIVE(합성),KOSPI
417310,코람코더원리츠,KOSPI
272550,삼양패키징,KOSPI
435420,TIGER 미국나스닥100채권혼합Fn,KOSPI
030210,다올투자증권,KOSPI
102460,이연제약,KOSPI
570022,한투 레버리지 S&P500 선물 ETN(H),KOSPI
213500,한솔제지,KOSPI
004380,삼익THK,KOSPI
101530,해태제과식품,KOSPI
009270,신원,KOSPI
036420,콘텐트리중앙,KOSPI
009155,삼성전기우,KOSPI
404990,신한서부티엔디리츠,KOSPI
000050,경방,KOSPI
271980,제일약품,KOSPI
005430,한국공항,KOSPI
001045,CJ우,KOSPI
385510,KODEX 신재생에너지액티브,KOSPI
011000,진원생명과학,KOSPI
143860,TIGER 헬스케어,KOSPI
003650,미창석유,KOSPI
530107,삼성 인버스 2X 코스닥150 선물 ETN,KOSPI
461270,ACE 26-06 회사채(AA-이상)액티브,KOSPI
128820,대성산업,KOSPI
002100,경농,KOSPI
018470,조일알미늄,KOSPI
044820,코스맥스비티아이,KOSPI
095570,AJ네트웍스,KOSPI
418660,TIGER 미국나스닥100레버리지(합성),KOSPI
481190,SOL 미국테크TOP10,KOSPI
234080,JW생명과학,KOSPI
307520,TIGER 지주회사,KOSPI
007110,일신석재,KOSPI
097955,CJ제일제당 우,KOSPI
003555,LG우,KOSPI
003547,대신증권2우B,KOSPI
004560,현대비앤지스틸,KOSPI
363280,티와이홀딩스,KOSPI
134380,미원화학,KOSPI
475050,ACE KPOP포커스,KOSPI
019680,대교,KOSPI
083420,그린케미칼,KOSPI
003070,코오롱글로벌,KOSPI
480020,ACE 미국빅테크7+데일리타겟커버드콜(합성),KOSPI
100250,진양홀딩스,KOSPI
000020,동화약품,KOSPI
004710,한솔테크닉스,KOSPI
495050,RISE 코리아밸류업,KOSPI
009470,삼화전기,KOSPI
232080,TIGER 코스닥150,KOSPI
157490,TIGER 소프트웨어,KOSPI
493810,TIGER 미국AI빅테크10타겟데일리커버드콜,KOSPI
500077,신한 인버스0.5X S&P500 VIX S/T선물 ETN,KOSPI
284430,KODEX 200미국채혼합,KOSPI
478150,TIMEFOLIO 글로벌우주테크&방산액티브,KOSPI
210980,SK디앤디,KOSPI
013580,계룡건설,KOSPI
136340,RISE 중기우량회사채,KOSPI
458210,KIWOOM CD금리액티브(합성),KOSPI
011785,금호석유화학우,KOSPI
004090,한국석유,KOSPI
192090,TIGER 차이나CSI300,KOSPI
081000,일진다이아,KOSPI
305080,TIGER 미국채10년선물,KOSPI
460850,동국씨엠,KOSPI
015230,대창단조,KOSPI
090350,노루페인트,KOSPI
123690,한국화장품,KOSPI
462900,KoAct 바이오헬스케어액티브,KOSPI
364970,TIGER 바이오TOP10,KOSPI
016450,한세예스24홀딩스,KOSPI
372330,KODEX 차이나항셍테크,KOSPI
009580,무림P&P,KOSPI
003610,방림,KOSPI
068290,삼성출판사,KOSPI
002170,삼양통상,KOSPI
481430,RISE 국고채10년액티브,KOSPI
107590,미원홀딩스,KOSPI
003830,대한화섬,KOSPI
483290,KODEX 미국배당다우존스타겟커버드콜,KOSPI
213610,KODEX 삼성그룹밸류,KOSPI
010580,에스엠벡셀,KOSPI
491010,TIGER 글로벌AI전력인프라액티브,KOSPI
422420,RISE 2차전지액티브,KOSPI
000390,삼화페인트,KOSPI
472920,HK 종합채권(AA-이상)액티브,KOSPI
009070,KCTC,KOSPI
000970,한국주철관,KOSPI
445290,KODEX 로봇액티브,KOSPI
092200,디아이씨,KOSPI
025820,이구산업,KOSPI
272560,RISE 단기국공채액티브,KOSPI
462520,조선내화,KOSPI
010955,S-Oil우,KOSPI
002390,한독,KOSPI
000300,DH오토넥스,KOSPI
000860,강남제비스코,KOSPI
007210,벽산,KOSPI
005950,이수화학,KOSPI
011330,유니켐,KOSPI
441800,TIMEFOLIO Korea플러스배당액티브,KOSPI
015890,태경산업,KOSPI
004250,NPC,KOSPI
490590,RISE 미국AI밸류체인데일리고정커버드콜,KOSPI
027970,한국제지,KOSPI
079430,현대리바트,KOSPI
004970,신라교역,KOSPI
003460,유화증권,KOSPI
008110,대동전자,KOSPI
480030,ACE 미국500데일리타겟커버드콜(합성),KOSPI
001520,동양,KOSPI
000700,유수홀딩스,KOSPI
302450,RISE 코스피,KOSPI
485540,KODEX 미국AI테크TOP10,KOSPI
069460,대호에이엘,KOSPI
244580,KODEX 바이오,KOSPI
006840,AK홀딩스,KOSPI
008040,사조동아원,KOSPI
469070,RISE AI&로봇,KOSPI
464240,KIWOOM 26-09회사채(AA-이상)액티브,KOSPI
094280,효성ITX,KOSPI
130730,KIWOOM 단기자금,KOSPI
008350,남선알미늄,KOSPI
433330,SOL 미국S&P500,KOSPI
092220,KEC,KOSPI
144600,KODEX 은선물(H),KOSPI
003720,삼영,KOSPI
283580,KODEX 차이나CSI300,KOSPI
001360,삼성제약,KOSPI
003480,한진중공업홀딩스,KOSPI
139990,아주스틸,KOSPI
210540,디와이파워,KOSPI
004140,동방,KOSPI
012320,경동인베스트,KOSPI
350520,이지스레지던스리츠,KOSPI
498270,KIWOOM 미국양자컴퓨팅,KOSPI
020120,키다리스튜디오,KOSPI
298000,효성화학,KOSPI
024090,디씨엠,KOSPI
006490,인스코비,KOSPI
219480,KODEX 미국S&P500선물(H),KOSPI
530111,삼성 레버리지 천연가스 선물 ETN C,KOSPI
011280,태림포장,KOSPI
451530,TIGER 국고채30년스트립액티브,KOSPI
016710,대성홀딩스,KOSPI
492500,1Q 현대차그룹채권(A+이상)&국고통안,KOSPI
014580,태경비케이,KOSPI
031440,신세계푸드,KOSPI
014710,사조씨푸드,KOSPI
500029,신한 레버리지 은 선물 ETN(H),KOSPI
317400,자이에스앤디,KOSPI
326240,RISE IT플러스,KOSPI
414780,TIGER 차이나과창판STAR50(합성),KOSPI
244920,에이플러스에셋,KOSPI
400760,NH올원리츠,KOSPI
309230,ACE 미국WideMoat동일가중,KOSPI
012610,경인양행,KOSPI
610061,메리츠 3X 레버리지 국채30년 ETN,KOSPI
461950,KODEX 2차전지핵심소재10,KOSPI
017370,우신시스템,KOSPI
228810,TIGER 미디어컨텐츠,KOSPI
002620,제일파마홀딩스,KOSPI
033180,KH 필룩스,KOSPI
007540,샘표,KOSPI
190620,ACE 단기통안채,KOSPI
364960,TIGER BBIG,KOSPI
014160,대영포장,KOSPI
005870,휴니드,KOSPI
471990,KODEX AI반도체핵심장비,KOSPI
005960,동부건설,KOSPI
035000,HS애드,KOSPI
078000,텔코웨어,KOSPI
014280,금강공업,KOSPI
214330,금호에이치티,KOSPI
451060,1Q K200액티브,KOSPI
491230,PLUS 국공채머니마켓액티브,KOSPI
490090,TIGER 미국AI빅테크10,KOSPI
004080,신흥,KOSPI
004150,한솔홀딩스,KOSPI
019440,세아특수강,KOSPI
267850,아시아나IDT,KOSPI
570019,한투 코스피 양매도 5% OTM ETN,KOSPI
002990,금호건설,KOSPI
438570,SOL 국고채10년,KOSPI
295020,RISE 국채선물10년인버스,KOSPI
464930,TIGER 글로벌혁신블루칩TOP10,KOSPI
498180,파워 종합채권(AA-이상)액티브,KOSPI
077500,유니퀘스트,KOSPI
237350,KODEX 코스피100,KOSPI
120030,조선선재,KOSPI
455860,SOL 2차전지소부장Fn,KOSPI
463050,TIMEFOLIO K바이오액티브,KOSPI
496080,TIGER 코리아밸류업,KOSPI
488500,TIGER 미국S&P500동일가중,KOSPI
001020,페이퍼코리아,KOSPI
448600,RISE 25-11 회사채(AA-이상)액티브,KOSPI
012800,대창,KOSPI
500096,신한 인버스2X 천연가스 선물 ETN B,KOSPI
010100,한국무브넥스,KOSPI
089470,HDC현대EP,KOSPI
479730,TIGER 인도빌리언컨슈머,KOSPI
228800,TIGER 여행레저,KOSPI
063160,종근당바이오,KOSPI
006805,미래에셋증권우,KOSPI
182480,TIGER 미국MSCI리츠(합성 H),KOSPI
143850,TIGER 미국S&P500선물(H),KOSPI
483320,ACE 엔비디아밸류체인액티브,KOSPI
003060,에이프로젠바이오로직스,KOSPI
011690,와이투솔루션,KOSPI
033530,SJG세종,KOSPI
004310,현대약품,KOSPI
000105,유한양행우,KOSPI
015590,DKME,KOSPI
248170,샘표식품,KOSPI
570051,한투 나스닥 100 ETN,KOSPI
014530,극동유화,KOSPI
058850,KTcs,KOSPI
267290,경동도시가스,KOSPI
214390,경보제약,KOSPI
367770,RISE 수소경제테마,KOSPI
496020,WON 전단채플러스액티브,KOSPI
011700,한신기계,KOSPI
480370,씨케이솔루션,KOSPI
530036,삼성 인버스 2X WTI원유 선물 ETN,KOSPI
017550,수산세보틱스,KOSPI
013570,디와이,KOSPI
003580,HLB글로벌,KOSPI
476750,ACE 미국30년국채엔화노출액티브(H),KOSPI
412770,TIGER 글로벌AI플랫폼액티브,KOSPI
152380,KODEX 국채선물10년,KOSPI
006890,태경케미컬,KOSPI
002450,삼익악기,KOSPI
310960,TIGER 200TR,KOSPI
002200,한국수출포장,KOSPI
462540,SOL 25-09 회사채(AA-이상)액티브,KOSPI
227840,현대코퍼레이션홀딩스,KOSPI
016740,두올,KOSPI
412570,TIGER 2차전지TOP10레버리지,KOSPI
264900,크라운제과,KOSPI
304940,KODEX 미국나스닥100선물(H),KOSPI
489030,PLUS 고배당주위클리커버드콜,KOSPI
005800,신영와코루,KOSPI
570084,한투 블룸버그 인버스 2X 천연가스선물 ETN,KOSPI
093240,형지엘리트,KOSPI
448330,KODEX 삼성전자채권혼합,KOSPI
011390,부산산업,KOSPI
328370,PLUS 코스피TR,KOSPI
006660,삼성공조,KOSPI
332930,HANARO 200TR,KOSPI
005740,크라운해태홀딩스,KOSPI
441540,HANARO Fn조선해운,KOSPI
034590,인천도시가스,KOSPI
489570,HANARO 25-12 은행채(AA+이상)액티브,KOSPI
023450,동남합성,KOSPI
429000,TIGER 미국S&P500배당귀족,KOSPI
008700,아남전자,KOSPI
168580,ACE 중국본토CSI300,KOSPI
010660,화천기계,KOSPI
017900,광전자,KOSPI
000180,성창기업지주,KOSPI
489870,KIWOOM 25-09 회사채(AA-이상)액티브,KOSPI
570050,한투 S&P500 선물 ETN,KOSPI
079980,휴비스,KOSPI
700023,하나 Solactive 2X US Tech Top 10 ETN(H),KOSPI
011810,STX,KOSPI
021820,세원정공,KOSPI
067830,세이브존I&C,KOSPI
319640,TIGER 골드선물(H),KOSPI
495710,BNK 26-06 특수채(AAA이상)액티브,KOSPI
396690,미래에셋글로벌리츠,KOSPI
002780,진흥기업,KOSPI
472150,TIGER 배당커버드콜액티브,KOSPI
011150,CJ씨푸드,KOSPI
465780,마이티 26-09 특수채(AAA)액티브,KOSPI
461500,HANARO 종합채권(AA-이상)액티브,KOSPI
401170,RISE 메타버스,KOSPI
325020,KODEX 배당가치,KOSPI
002460,HS화성,KOSPI
014990,인디에프,KOSPI
520066,미래에셋 KRX금현물 Auto-KO-C 2810-01 ETN,KOSPI
245340,TIGER 미국다우존스30,KOSPI
036580,팜스코,KOSPI
444200,SOL 코리아메가테크액티브,KOSPI
491620,RISE 미국테크100데일리고정커버드콜,KOSPI
325010,KODEX 성장주,KOSPI
004840,DRB동일,KOSPI
267770,TIGER 200선물레버리지,KOSPI
401470,KODEX 메타버스액티브,KOSPI
494310,KODEX 반도체레버리지,KOSPI
610037,메리츠 미국채30년 ETN(H),KOSPI
473440,ACE 11월만기자동연장회사채AA-이상액티브,KOSPI
419890,KIWOOM 단기채권ESG액티브,KOSPI
004890,동일산업,KOSPI
500037,신한 레버리지 금 선물 ETN,KOSPI
008260,NI스틸,KOSPI
163560,동일고무벨트,KOSPI
000590,CS홀딩스,KOSPI
465610,ACE 미국빅테크TOP7 Plus레버리지(합성),KOSPI
550044,N2 레버리지 S&P500 ETN,KOSPI
023000,삼원강재,KOSPI
001080,만호제강,KOSPI
266360,KODEX K콘텐츠,KOSPI
466400,1Q 25-08 회사채(A+이상)액티브,KOSPI
119650,KC코트렐,KOSPI
058860,KTis,KOSPI
032560,황금에스티,KOSPI
365000,TIGER 인터넷TOP10,KOSPI
500095,신한 S&P500 VIX S/T 선물 ETN E,KOSPI
002720,국제약품,KOSPI
570082,한투 인버스 2X 코스닥150선물 ETN,KOSPI
000230,일동홀딩스,KOSPI
002700,신일전자,KOSPI
014790,HL D&I,KOSPI
114820,TIGER 국채3년,KOSPI
004960,한신공영,KOSPI
101140,인바이오젠,KOSPI
001260,남광토건,KOSPI
550092,N2 월간 레버리지 방위산업 Top5 ETN,KOSPI
270810,RISE 코스닥150,KOSPI
760016,키움 레버리지 조선TOP10 ETN,KOSPI
001560,제일연마,KOSPI
012690,모나리자,KOSPI
010040,한국내화,KOSPI
013520,화승코퍼레이션,KOSPI
453330,RISE 미국S&P500(H),KOSPI
071090,하이스틸,KOSPI
490480,SOL K방산,KOSPI
006880,신송홀딩스,KOSPI
150460,TIGER 중국소비테마,KOSPI
465350,RISE 2차전지TOP10인버스(합성),KOSPI
006090,사조오양,KOSPI
204480,TIGER 차이나CSI300레버리지(합성),KOSPI
530136,삼성 인버스 2X 천연가스 선물 ETN D,KOSPI
004830,덕성,KOSPI
023800,인지컨트롤스,KOSPI
111380,동인기연,KOSPI
266160,RISE 고배당,KOSPI
007280,한국특강,KOSPI
315960,RISE 대형고배당10TR,KOSPI
002600,조흥,KOSPI
480040,ACE 미국반도체데일리타겟커버드콜(합성),KOSPI
014440,영보화학,KOSPI
011230,삼화전자,KOSPI
009200,무림페이퍼,KOSPI
464310,TIGER 글로벌AI&로보틱스 INDXX,KOSPI
580015,KB 레버리지 나스닥 100 ETN,KOSPI
475280,ACE 8월만기자동연장회사채AA-이상액티브,KOSPI
096775,SK이노베이션우,KOSPI
278240,RISE 코스닥150선물레버리지,KOSPI
338100,NH프라임리츠,KOSPI
400970,TIGER Fn메타버스,KOSPI
085310,엔케이,KOSPI
329660,KODEX TRF5050,KOSPI
129260,인터지스,KOSPI
385720,TIMEFOLIO 코스피액티브,KOSPI
007590,동방아그로,KOSPI
009180,한솔로지스틱스,KOSPI
004100,태양금속,KOSPI
308620,KODEX 미국10년국채선물,KOSPI
013360,일성건설,KOSPI
010960,삼호개발,KOSPI
004720,팜젠사이언스,KOSPI
447430,ACE 주주환원가치주액티브,KOSPI
016090,대현,KOSPI
152870,파워 200,KOSPI
275980,TIGER 글로벌4차산업혁신기술(합성 H),KOSPI
471760,TIGER AI반도체핵심공정,KOSPI
520054,미래에셋 레버리지 코스피200 선물 ETN,KOSPI
138540,TIGER 현대차그룹+펀더멘털,KOSPI
024900,디와이덕양,KOSPI
290130,RISE ESG사회책임투자,KOSPI
497880,SOL CD금리&머니마켓액티브,KOSPI
266420,KODEX 헬스케어,KOSPI
530055,삼성 레버리지 금 선물 ETN(H),KOSPI
372910,한컴라이프케어,KOSPI
002630,오리엔트바이오,KOSPI
100220,비상교육,KOSPI
001470,삼부토건,KOSPI
007980,TP,KOSPI
473590,ACE 미국주식베스트셀러,KOSPI
078935,GS우,KOSPI
399110,SOL 미국S&P500ESG,KOSPI
004910,조광페인트,KOSPI
001275,부국증권우,KOSPI
013870,지엠비코리아,KOSPI
490600,RISE 미국배당100데일리고정커버드콜,KOSPI
452250,ACE 미국30년국채선물레버리지(합성 H),KOSPI
000910,유니온,KOSPI
055490,테이팩스,KOSPI
580016,KB 레버리지 S&P 500 선물 ETN(H),KOSPI
480310,TIGER 글로벌온디바이스AI,KOSPI
031820,아이티센씨티에스,KOSPI
002220,한일철강,KOSPI
001550,조비,KOSPI
500050,신한 레버리지 S&P500 선물 ETN,KOSPI
111110,호전실업,KOSPI
003560,IHQ,KOSPI
001380,SG글로벌,KOSPI
000220,유유제약,KOSPI
002795,아모레퍼시픽홀딩스우,KOSPI
486830,HANARO 머니마켓액티브,KOSPI
004540,깨끗한나라,KOSPI
004450,삼화왕관,KOSPI
195980,PLUS 신흥국MSCI(합성 H),KOSPI
440640,ACE 단기채권알파액티브,KOSPI
003780,진양산업,KOSPI
092440,기신정기,KOSPI
500071,신한 레버리지 코스닥 150 선물 ETN,KOSPI
261270,KODEX 미국달러선물인버스,KOSPI
003925,남양유업우,KOSPI
010770,평화홀딩스,KOSPI
520057,미래에셋 인버스 2X 코스닥150 선물 ETN,KOSPI
580046,KB 블룸버그 인버스2X 천연가스선물 ETN(H),KOSPI
500015,신한 WTI원유 선물 ETN(H),KOSPI
498860,RISE 코리아금융고배당,KOSPI
005750,대림바스,KOSPI
001290,상상인증권,KOSPI
000850,화천기공,KOSPI
004870,티웨이홀딩스,KOSPI
009770,삼정펄프,KOSPI
469170,ACE 포스코그룹포커스,KOSPI
411420,KODEX 미국나스닥AI테크액티브,KOSPI
002140,고려산업,KOSPI
001210,금호전기,KOSPI
530061,삼성 레버리지 은 선물 ETN(H),KOSPI
047400,유니온머티리얼,KOSPI
102280,쌍방울,KOSPI
013700,까뮤이앤씨,KOSPI
475350,RISE 버크셔포트폴리오TOP10,KOSPI
252710,TIGER 200선물인버스2X,KOSPI
233160,TIGER 코스닥150 레버리지,KOSPI
468820,WON 25-09 회사채(AA-이상)액티브,KOSPI
009190,대양금속,KOSPI
003010,혜인,KOSPI
072130,유엔젤,KOSPI
395290,HANARO Fn K-POP&미디어,KOSPI
237370,KODEX 배당성장채권혼합,KOSPI
329670,KODEX TRF7030,KOSPI
471040,KoAct 글로벌AI&로봇액티브,KOSPI
449770,KIWOOM 미국S&P500,KOSPI
269540,PLUS 미국S&P500(H),KOSPI
580010,KB Wise 분할매매 ETN,KOSPI
530019,삼성 미국 대형 성장주 ETN,KOSPI
139280,TIGER 경기방어,KOSPI
011420,갤럭시아에스엠,KOSPI
120115,코오롱인더우,KOSPI
004060,SG세계물산,KOSPI
018500,동원금속,KOSPI
091090,세원이앤씨,KOSPI
357250,미래에셋맵스리츠,KOSPI
174360,RISE 중국본토대형주CSI100,KOSPI
011300,성안머티리얼스,KOSPI
481850,신한글로벌액티브리츠,KOSPI
075180,새론오토모티브,KOSPI
006370,대구백화점,KOSPI
025620,제이준코스메틱,KOSPI
453080,KIWOOM 미국나스닥100(H),KOSPI
157500,TIGER 증권,KOSPI
570103,한투 인버스2X 나스닥100 ETN B,KOSPI
458750,TIGER 미국배당다우존스타겟커버드콜1호,KOSPI
000890,보해양조,KOSPI
610066,메리츠 KAP 통안채 3개월 ETN,KOSPI
004770,써니전자,KOSPI
570059,한투 레버리지 금 선물 ETN,KOSPI
002760,보락,KOSPI
041650,상신브레이크,KOSPI
447620,SOL 미국TOP5채권혼합40 Solactive,KOSPI
004440,삼일씨엔에스,KOSPI
433500,ACE 원자력테마딥서치,KOSPI
123320,TIGER 레버리지,KOSPI
437070,KODEX 아시아달러채권ESG플러스액티브,KOSPI
002920,유성기업,KOSPI
023810,인팩,KOSPI
155660,DSR,KOSPI
210780,TIGER 코스피고배당,KOSPI
272910,ACE 중장기국공채액티브,KOSPI
140700,KODEX 보험,KOSPI
454320,HANARO CAPEX설비투자iSelect,KOSPI
009835,한화솔루션우,KOSPI
000725,현대건설우,KOSPI
460960,ACE 글로벌인컴TOP10 SOLACTIVE,KOSPI
378850,화승알앤에이,KOSPI
021050,서원,KOSPI
359210,KODEX 코스피TR,KOSPI
004920,씨아이테크,KOSPI
520056,미래에셋 레버리지 코스닥150 선물 ETN,KOSPI
000650,천일고속,KOSPI
004410,서울식품,KOSPI
426150,WON 대한민국국고채액티브,KOSPI
520070,미래에셋 0.5X 코스피200 선물 ETN,KOSPI
058730,다스코,KOSPI
500082,신한 블룸버그 2X 천연가스 선물 ETN,KOSPI
090080,평화산업,KOSPI
292560,TIGER 일본엔선물,KOSPI
025750,한솔홈데코,KOSPI
134790,시디즈,KOSPI
760018,키움 미국달러선물 ETN B,KOSPI
530134,삼성 블룸버그 인버스2X WTI원유선물 ETN B,KOSPI
377990,TIGER Fn신재생에너지,KOSPI
203780,TIGER 미국나스닥바이오,KOSPI
225040,TIGER 미국S&P500레버리지(합성 H),KOSPI
395170,KODEX Top10동일가중,KOSPI
139660,KIWOOM 미국달러선물인버스,KOSPI
261240,KODEX 미국달러선물,KOSPI
008250,이건산업,KOSPI
008870,금비,KOSPI
466930,SOL 자동차TOP3플러스,KOSPI
464470,PLUS 미국채30년액티브,KOSPI
465770,STX그린로지스,KOSPI
580021,KB 인버스 천연가스 선물 ETN,KOSPI
471460,KIWOOM 국고채30년액티브,KOSPI
496090,KIWOOM 코리아밸류업,KOSPI
003080,SB성보,KOSPI
023350,한국종합기술,KOSPI
403790,마이다스 코스피액티브,KOSPI
476070,KODEX 글로벌비만치료제TOP2 Plus,KOSPI
118000,메타케어,KOSPI
550091,N2 방위산업 Top5 ETN,KOSPI
530015,삼성 미국 대형 성장주 ETN(H),KOSPI
006740,영풍제지,KOSPI
005305,롯데칠성우,KOSPI
001465,BYC우,KOSPI
461600,SOL 미국30년국채액티브(H),KOSPI
092780,DYP,KOSPI
322400,HANARO e커머스,KOSPI
123700,SJM,KOSPI
000950,전방,KOSPI
469150,ACE AI반도체포커스,KOSPI
332500,ACE 200TR,KOSPI
445150,KODEX 친환경조선해운액티브,KOSPI
017180,명문제약,KOSPI
001620,케이비아이동국실업,KOSPI
570106,한투 레버리지일본니케이225선물 ETN(H),KOSPI
027740,마니커,KOSPI
012160,영흥,KOSPI
485690,RISE 미국AI밸류체인TOP3Plus,KOSPI
007610,선도전기,KOSPI
025530,SJM홀딩스,KOSPI
261220,KODEX WTI원유선물(H),KOSPI
211560,TIGER 배당성장,KOSPI
304780,HANARO 200선물레버리지,KOSPI
426020,TIMEFOLIO 미국S&P500액티브,KOSPI
204450,KODEX 차이나H레버리지(H),KOSPI
700022,하나 Solactive US Tech Top 10 ETN(H),KOSPI
002880,대유에이텍,KOSPI
610078,메리츠 3X 레버리지 미국채30년 ETN,KOSPI
520071,미래에셋 0.5X 코스닥150 선물 ETN,KOSPI
002410,범양건영,KOSPI
610012,메리츠 레버리지 금 선물 ETN(H),KOSPI
550062,N2 레버리지 금 선물 ETN(H),KOSPI
760007,키움 코스피 200 TR ETN,KOSPI
423170,SOL 한국형글로벌반도체액티브,KOSPI
476690,TIGER 글로벌비만치료제TOP2Plus,KOSPI
019180,티에이치엔,KOSPI
009810,플레이그램,KOSPI
530067,삼성 KRX 금현물 ETN,KOSPI
407830,에셋플러스 글로벌플랫폼액티브,KOSPI
530130,삼성 S&P500 VIX S/T 선물 ETN B,KOSPI
009320,아진전자부품,KOSPI
245360,TIGER 차이나HSCEI,KOSPI
494330,ACE 라이프자산주주가치액티브,KOSPI
002360,SH에너지화학,KOSPI
069730,DSR제강,KOSPI
019490,엑시큐어하이트론,KOSPI
487910,ACE 인도컨슈머파워액티브,KOSPI
114100,RISE 국고채3년,KOSPI
371470,TIGER 차이나바이오테크SOLACTIVE,KOSPI
006980,우성,KOSPI
520089,미래에셋 CAPE 실러 US Core Sector ETN,KOSPI
006125,SK디스커버리우,KOSPI
479850,HANARO K-뷰티,KOSPI
468380,KODEX iShares미국하이일드액티브,KOSPI
455960,RISE 미국달러SOFR금리액티브(합성),KOSPI
472830,RISE 미국30년국채커버드콜(합성),KOSPI
433970,KODEX TDF2030액티브,KOSPI
530131,삼성 인버스0.5X S&P500 VIX S/T선물 ETN B,KOSPI
465330,RISE 2차전지TOP10,KOSPI
500016,신한 금 선물 ETN(H),KOSPI
017040,광명전기,KOSPI
476030,SOL 미국나스닥100,KOSPI
475260,ACE 2월만기자동연장회사채AA-이상액티브,KOSPI
010600,웰바이오텍,KOSPI
280930,KODEX 미국러셀2000(H),KOSPI
108450,ACE 삼성그룹섹터가중,KOSPI
500072,신한 인버스 2X 코스닥 150 선물 ETN,KOSPI
520080,미래에셋 미국 테크&반도체 TOP3 ETN,KOSPI
104530,KIWOOM 고배당,KOSPI
500020,신한 레버리지 다우존스지수 선물 ETN(H),KOSPI
023960,에쓰씨엔지니어링,KOSPI
421320,PLUS 우주항공&UAM,KOSPI
495230,KoAct 코리아밸류업액티브,KOSPI
211900,KODEX 배당성장,KOSPI
461460,PLUS 국고채10년액티브,KOSPI
530020,삼성 미국 대형 가치주 ETN,KOSPI
025560,미래산업,KOSPI
357430,마스턴프리미어리츠,KOSPI
008420,문배철강,KOSPI
003465,유화증권우,KOSPI
026940,부국철강,KOSPI
003475,유안타증권우,KOSPI
610007,메리츠 국채30년 ETN,KOSPI
610038,메리츠 레버리지 미국채30년 ETN(H),KOSPI
427120,RISE 플랫폼테마,KOSPI
099140,KODEX 차이나H,KOSPI
145270,케이탑리츠,KOSPI
019175,신풍제약우,KOSPI
278620,PLUS 단기채권액티브,KOSPI
433980,KODEX TDF2040액티브,KOSPI
453650,KODEX 미국S&P500금융,KOSPI
520087,미래에셋 레버리지 KRX 금현물 ETN,KOSPI
530115,삼성 레버리지 나스닥 100 ETN,KOSPI
520072,미래에셋 미국 AI TOP3 ETN,KOSPI
020760,일진디스플,KOSPI
012280,영화금속,KOSPI
117700,KODEX 건설,KOSPI
520091,미래에셋 인버스 천연가스 선물 ETN B,KOSPI
336160,RISE 금융채액티브,KOSPI
520086,미래에셋-0.5X S&P500 VIX S/T선물 ETN(H)B,KOSPI
109070,주성코퍼레이션,KOSPI
133820,화인베스틸,KOSPI
308170,씨티알모빌리티,KOSPI
332940,HANARO MSCI Korea TR,KOSPI
006570,대림통상,KOSPI
495550,SOL 코리아밸류업TR,KOSPI
520077,미래에셋 -1.5X 천연가스 선물 ETN,KOSPI
570116,한투 블룸버그레버리지WTI원유선물 ETN B,KOSPI
122260,KIWOOM 통안채1년,KOSPI
475270,ACE 5월만기자동연장회사채AA-이상액티브,KOSPI
456680,TIGER 차이나전기차레버리지(합성),KOSPI
520081,미래에셋 2X 미국 테크&반도체 TOP3 ETN,KOSPI
500027,신한 인버스 2X WTI원유 선물 ETN(H),KOSPI
446070,유니드비티플러스,KOSPI
496770,PLUS 글로벌방산,KOSPI
069640,한세엠케이,KOSPI
051630,진양화학,KOSPI
195930,TIGER 유로스탁스50(합성 H),KOSPI
396520,TIGER 차이나반도체FACTSET,KOSPI
000215,DL우,KOSPI
448100,WON 200,KOSPI
530104,삼성 레버리지 코스피200 선물 ETN,KOSPI
005320,온타이드,KOSPI
139220,TIGER 200 건설,KOSPI
200030,KODEX 미국S&P500산업재(합성),KOSPI
500069,신한 레버리지 코스피 200 선물 ETN,KOSPI
014130,한익스프레스,KOSPI
363580,KODEX 200IT TR,KOSPI
012200,계양전기,KOSPI
414270,ACE 글로벌자율주행액티브,KOSPI
009460,한창제지,KOSPI
500017,신한 은 선물 ETN(H),KOSPI
049800,우진플라임,KOSPI
010640,진양폴리,KOSPI
580020,KB 천연가스 선물 ETN(H),KOSPI
570029,한투 코스피 양매도 3% OTM ETN,KOSPI
570093,한투 레버리지 천연가스 선물 ETN B,KOSPI
434960,DAISHIN343 K200,KOSPI
530016,삼성 미국 대형 가치주 ETN(H),KOSPI
500018,신한 구리 선물 ETN(H),KOSPI
023150,MH에탄올,KOSPI
520068,미래에셋 2X 홍콩H 선물 ETN,KOSPI
530023,삼성 레버리지 China A50 선물 ETN(H),KOSPI
337160,KODEX 200ESG,KOSPI
005360,모나미,KOSPI
388280,RISE 컨택트대표,KOSPI
002870,신풍,KOSPI
530119,삼성 레버리지 항셍테크 ETN(H) B,KOSPI
530113,삼성 레버리지 S&P500 선물 ETN,KOSPI
010420,한솔PNS,KOSPI
005030,부산주공,KOSPI
700028,하나 레버리지 반도체 ETN,KOSPI
520074,미래에셋 미국 방위산업 TOP3 ETN,KOSPI
520073,미래에셋 레버리지 미국 AI TOP3 ETN,KOSPI
004270,남성,KOSPI
580034,KB 레버리지 FANG 플러스 ETN(H),KOSPI
160580,TIGER 구리실물,KOSPI
227540,TIGER 200 헬스케어,KOSPI
074610,이엔플러스,KOSPI
444490,WON 미국S&P500,KOSPI
458030,WON 국공채머니마켓액티브,KOSPI
012170,아센디오,KOSPI
003535,한화투자증권우,KOSPI
024890,대원화성,KOSPI
550041,N2 미국 IT TOP5 ETN(H),KOSPI
143210,핸즈코퍼레이션,KOSPI
530116,삼성 인버스 2X 나스닥 100 ETN,KOSPI
123310,TIGER 인버스,KOSPI
261250,KODEX 미국달러선물레버리지,KOSPI
011090,에넥스,KOSPI
530014,삼성 China A50 선물 ETN(H),KOSPI
002820,SUN&L,KOSPI
520090,미래에셋 천연가스 선물 ETN B,KOSPI
550093,N2 전력인프라 Top5 ETN,KOSPI
520055,미래에셋 인버스 2X 코스피200 선물 ETN,KOSPI
138230,KIWOOM 미국달러선물,KOSPI
276970,KODEX 미국S&P500배당귀족커버드콜(합성 H),KOSPI
368190,HANARO Fn K-뉴딜디지털플러스,KOSPI
488720,WON 종합채권(AA-이상)액티브,KOSPI
033250,체시스,KOSPI
411860,KIWOOM 독일DAX,KOSPI
003680,한성기업,KOSPI
448490,HANARO 32-10 국고채액티브,KOSPI
457990,PLUS 태양광&ESS,KOSPI
005820,원림,KOSPI
091220,TIGER 은행,KOSPI
580056,KB 일본 로보틱스 TOP 10 ETN,KOSPI
364990,TIGER 게임TOP10,KOSPI
475380,RISE 글로벌리얼티인컴,KOSPI
006200,한국전자홀딩스,KOSPI
001070,대한방직,KOSPI
004365,세방우,KOSPI
461340,HANARO 글로벌생성형AI액티브,KOSPI
477730,KODEX 인도타타그룹,KOSPI
448570,FOCUS AI코리아액티브,KOSPI
000760,이화산업,KOSPI
438320,TIGER 차이나항셍테크레버리지(합성 H),KOSPI
000040,KR모터스,KOSPI
008775,호텔신라우,KOSPI
469050,RISE 미국반도체NYSE(H),KOSPI
002070,비비안,KOSPI
570061,한투 레버리지 은 선물 ETN,KOSPI
167860,KIWOOM 국고채10년레버리지,KOSPI
001140,국보,KOSPI
002420,세기상사,KOSPI
090370,메타랩스,KOSPI
332620,PLUS 미국장기우량회사채,KOSPI
352560,KODEX 미국부동산리츠(H),KOSPI
520047,미래에셋 인버스 2X 옥수수 선물 ETN,KOSPI
610075,메리츠 3X 레버리지 미국채10년 ETN,KOSPI
298770,KODEX 한국대만IT프리미어,KOSPI
009140,경인전자,KOSPI
326230,RISE 내수주플러스,KOSPI
495330,1Q 코리아밸류업,KOSPI
530140,삼성 iSelect 레버리지 조선 TOP10 TR ETN,KOSPI
570104,한투 일본니케이225선물 ETN(H),KOSPI
002690,동일제강,KOSPI
610064,메리츠 KAP 통안채 6개월 ETN,KOSPI
332610,PLUS 미국단기회사채(AAA~A),KOSPI
117680,KODEX 철강,KOSPI
195970,PLUS 선진국MSCI(합성 H),KOSPI
013000,세우글로벌,KOSPI
410870,TIMEFOLIO K컬처액티브,KOSPI
520082,미래에셋 미국 자율주행대표기업 ETN,KOSPI
442570,RISE TDF2050액티브,KOSPI
495940,RISE 미국AI테크액티브,KOSPI
570107,한투 인버스2X일본니케이225선물 ETN(H),KOSPI
463300,RISE 중국본토CSI300,KOSPI
481340,RISE 미국30년국채액티브,KOSPI
520088,미래에셋 S&P500 VIX S/T 선물 ETN(H),KOSPI
367760,RISE 5G테크,KOSPI
495040,PLUS 코리아밸류업,KOSPI
363510,SOL KIS단기통안채,KOSPI
491820,HANARO 전력설비투자,KOSPI
491220,PLUS 200TR,KOSPI
530118,삼성 코스닥 150 TR ETN,KOSPI
256750,KODEX 차이나심천ChiNext(합성),KOSPI
570081,한투 레버리지 코스닥150선물 ETN,KOSPI
250730,RISE 차이나HSCEI(H),KOSPI
139270,TIGER 200 금융,KOSPI
145210,다이나믹디자인,KOSPI
271050,KODEX WTI원유선물인버스(H),KOSPI
360140,KODEX 200롱코스닥150숏선물,KOSPI
610069,메리츠 KAP 레버리지 일본 엔화 ETN,KOSPI
500035,신한 레버리지 미국달러 선물 ETN,KOSPI
024070,WISCOM,KOSPI
530106,삼성 레버리지 코스닥150 선물 ETN,KOSPI
114470,KIWOOM 국고채3년,KOSPI
700020,하나 블룸버그 -2X 천연가스 선물 ETN(H),KOSPI
287180,PLUS 미국나스닥테크,KOSPI
700017,하나 레버리지 코스닥150 선물 ETN,KOSPI
495060,TIMEFOLIO 코리아밸류업액티브,KOSPI
238720,ACE 일본Nikkei225(H),KOSPI
453640,KODEX 미국S&P500헬스케어,KOSPI
610054,메리츠 블룸버그 -2X 천연가스 선물 ETN(H),KOSPI
071950,코아스,KOSPI
610036,메리츠 인버스 2X 대표 농산물 선물 ETN(H),KOSPI
271060,KODEX 3대농산물선물(H),KOSPI
760005,키움 INDXX 미국테크탑10 ETN,KOSPI
300640,RISE 게임테마,KOSPI
256440,ACE 인도네시아MSCI(합성),KOSPI
570117,한투 블룸버그인버스2XWTI원유선물 ETN B,KOSPI
236350,TIGER 인도니프티50레버리지(합성),KOSPI
007120,미래아이앤지,KOSPI
044380,주연테크,KOSPI
493420,SOL 미국배당다우존스2호,KOSPI
570069,한투 레버리지 플래티넘 선물 ETN,KOSPI
520075,미래에셋 레버리지 미국 방위산업 TOP3 ETN,KOSPI
117460,KODEX 에너지화학,KOSPI
440910,WON 미국우주항공방산,KOSPI
610008,메리츠 레버리지 국채30년 ETN,KOSPI
510029,대신 S&P 인버스 2X 천연가스 선물 ETN,KOSPI
449780,KIWOOM 미국S&P500(H),KOSPI
371450,TIGER 글로벌클라우드컴퓨팅INDXX,KOSPI
400570,KODEX 유럽탄소배출권선물ICE(H),KOSPI
700012,하나 인버스 2X 옥수수 선물 ETN(H),KOSPI
610016,메리츠 레버리지 은 선물 ETN(H),KOSPI
001420,태원물산,KOSPI
550064,N2 레버리지 은 선물 ETN(H),KOSPI
520050,미래에셋 인버스 2X 원유선물혼합 ETN(H),KOSPI
418670,TIGER 글로벌AI사이버보안,KOSPI
030720,동원수산,KOSPI
084870,TBH글로벌,KOSPI
015020,이스타코,KOSPI
550089,N2 월간 레버리지 코스피 200 선물 ETN,KOSPI
495750,HANARO 코리아밸류업,KOSPI
580057,KB 일본 컨슈머 TOP 10 ETN,KOSPI
491090,KODEX 미국테크TOP3플러스,KOSPI
014910,성문전자,KOSPI
003495,대한항공우,KOSPI
457690,KODEX 33-06 국고채액티브,KOSPI
008600,윌비스,KOSPI
494410,PLUS 미국S&P500성장주,KOSPI
580022,KB 레버리지 금 선물 ETN(H),KOSPI
489290,WON 미국빌리어네어,KOSPI
520065,미래에셋 -2X 미국채울트라30년 선물 ETN,KOSPI
276650,RISE 글로벌테크놀로지(합성 H),KOSPI
005110,한창,KOSPI
245350,TIGER 유로스탁스배당30,KOSPI
463680,KODEX 미국S&P500테크놀로지,KOSPI
570065,한투 레버리지 베트남 VN30 선물 ETN(H),KOSPI
479620,SOL 미국AI반도체칩메이커,KOSPI
550084,N2 코스피 200 TR ETN,KOSPI
289480,TIGER 200커버드콜,KOSPI
261070,TIGER 코스닥150바이오테크,KOSPI
483340,ACE 구글밸류체인액티브,KOSPI
002210,동성제약,KOSPI
442260,마이티 다이나믹퀀트액티브,KOSPI
375770,KODEX 탄소효율그린뉴딜,KOSPI
002025,코오롱우,KOSPI
101280,KODEX 일본TOPIX100,KOSPI
450910,SOL 코스닥150,KOSPI
530126,삼성 코리아 밸류업 TR ETN,KOSPI
352540,KODEX 일본부동산리츠(H),KOSPI
610022,메리츠 미국채10년 ETN(H),KOSPI
610085,메리츠 레버리지 미국채30년 스트립 ETN(H),KOSPI
196030,ACE 일본TOPIX레버리지(H),KOSPI
272570,RISE 중장기국공채액티브,KOSPI
520078,미래에셋 미국 제약 TOP3 ETN,KOSPI
019685,대교우B,KOSPI
488080,TIGER 반도체TOP10레버리지,KOSPI
610001,메리츠 인플레이션 국채 ETN,KOSPI
473490,KIWOOM 글로벌AI반도체,KOSPI
570105,한투 인버스일본니케이225선물 ETN(H),KOSPI
437350,RISE 미국단기투자등급회사채액티브,KOSPI
387270,TIGER 글로벌이노베이션액티브,KOSPI
419430,KODEX 차이나2차전지MSCI(합성),KOSPI
218420,KODEX 미국S&P500에너지(합성),KOSPI
243880,TIGER 200IT레버리지,KOSPI
570102,한투 레버리지 나스닥100 ETN B,KOSPI
520076,미래에셋 1.5X 천연가스 선물 ETN,KOSPI
476850,KoAct 배당성장액티브,KOSPI
138910,KODEX 구리선물(H),KOSPI
292190,KODEX KRX300,KOSPI
354500,ACE 코스닥150,KOSPI
365040,TIGER AI코리아그로스액티브,KOSPI
005257,녹십자홀딩스2우,KOSPI
102960,KODEX 기계장비,KOSPI
088790,진도,KOSPI
276990,KODEX 글로벌로봇(합성),KOSPI
084670,동양고속,KOSPI
530064,삼성 인버스 2X 구리 선물 ETN(H),KOSPI
266370,KODEX IT,KOSPI
001685,대상우,KOSPI
760013,키움 레버리지 반도체TOP10 ETN,KOSPI
453820,KODEX 인도Nifty50레버리지(합성),KOSPI
261120,TIGER 미국달러선물인버스2X,KOSPI
252400,RISE 200선물레버리지,KOSPI
580067,KB 인디아 디지털 Select 5 ETN,KOSPI
147970,TIGER 모멘텀,KOSPI
409810,KODEX 미국나스닥100선물인버스(H),KOSPI
122090,PLUS 코스피50,KOSPI
550086,N2 미국달러 SOFR금리 플러스 ETN,KOSPI
500023,신한 콩 선물 ETN(H),KOSPI
385590,ACE ESG액티브,KOSPI
453010,PLUS KOFR금리,KOSPI
570047,한투 FTSE100 ETN,KOSPI
300950,KODEX 게임산업,KOSPI
483240,TIGER 미국나스닥100ETF선물,KOSPI
282000,RISE 국고채3년선물인버스,KOSPI
009310,참엔지니어링,KOSPI
169950,KODEX 차이나A50,KOSPI
530124,삼성 레버리지 일본니케이225선물 ETN(H),KOSPI
248270,TIGER S&P글로벌헬스케어(합성),KOSPI
520037,미래에셋 코스피200 선물 ETN,KOSPI
491700,HK 200,KOSPI
570055,한투 금 선물 ETN,KOSPI
610088,메리츠 솔랙티브 2X WTI원유 선물 ETN(H),KOSPI
500091,신한 33-12 국고채 플러스 ETN,KOSPI
491830,TIGER 미국AI반도체팹리스,KOSPI
500014,신한 인버스 옥수수 선물 ETN(H),KOSPI
530105,삼성 인버스 2X 코스피200 선물 ETN,KOSPI
002355,넥센타이어1우B,KOSPI
497780,KoAct 미국천연가스인프라액티브,KOSPI
610018,메리츠 국채10년 ETN,KOSPI
394350,KIWOOM 글로벌퓨처모빌리티,KOSPI
550097,N2 레버리지 코스닥150 선물 ETN,KOSPI
457700,KODEX 53-09 국고채액티브,KOSPI
580068,KB S&P 레버리지 WTI원유 선물 ETN B,KOSPI
453950,TIGER TSMC파운드리밸류체인,KOSPI
468630,KODEX iShares미국투자등급회사채액티브,KOSPI
530133,삼성 블룸버그 레버리지 WTI원유선물 ETN B,KOSPI
500093,신한 블룸버그 레버리지 WTI원유선물 ETN B,KOSPI
025890,한국주강,KOSPI
438560,SOL 국고채3년,KOSPI
700029,하나 S&P 레버리지 WTI원유 선물 ETN B,KOSPI
494840,TIGER 미국방산TOP10,KOSPI
580070,KB 레버리지 2차전지 TOP 10 TR ETN,KOSPI
001770,SHD,KOSPI
530138,삼성 KRX 레버리지 2차전지 TOP10 TR ETN,KOSPI
580048,KB CSI 300 ETN,KOSPI
483570,KCGI 미국S&P500 TOP10,KOSPI
475300,SOL 반도체전공정,KOSPI
459790,KIWOOM 미국성장기업30액티브,KOSPI
500090,신한 2X 26-05 공사채(AAA) ETN,KOSPI
500088,신한 2X 26-05 은행채(AAA) ETN,KOSPI
429760,PLUS 미국S&P500,KOSPI
472720,TRUSTON 주주가치액티브,KOSPI
295000,RISE 국채선물10년,KOSPI
500089,신한 26-05 공사채(AAA) ETN,KOSPI
500087,신한 26-05 은행채(AAA) ETN,KOSPI
015260,에이엔피,KOSPI
610047,메리츠 인버스 국채3년 ETN,KOSPI
580039,KB 레버리지 KOSPI 200 선물 ETN,KOSPI
580049,KB CSI 500 ETN,KOSPI
253280,RISE 헬스케어,KOSPI
139250,TIGER 200 에너지화학,KOSPI
459560,KODEX 테슬라밸류체인FactSet,KOSPI
447660,PLUS 애플채권혼합,KOSPI
428510,KODEX 차이나AI테크액티브,KOSPI
580066,KB 인디아 대형 성장주 Select 5 ETN,KOSPI
580052,KB 인버스 2X 밀 선물 ETN,KOSPI
483330,ACE 마이크로소프트밸류체인액티브,KOSPI
438900,HANARO Fn K-푸드,KOSPI
520083,미래에셋 2X 미국 자율주행대표기업 ETN,KOSPI
445690,BNK 주주가치액티브,KOSPI
580047,KB 레버리지 항셍테크 선물 ETN(H) B,KOSPI
371150,RISE 차이나항셍테크,KOSPI
306950,KODEX KRX300레버리지,KOSPI
298340,PLUS 국채선물3년,KOSPI
322410,HANARO 고배당,KOSPI
570054,한투 레버리지 유로스탁스50 ETN(H) B,KOSPI
760008,키움 코스닥 150 TR ETN,KOSPI
550085,N2 코스닥 150 TR ETN,KOSPI
520039,미래에셋 코스닥150 선물 ETN,KOSPI
760004,키움 인버스 미국달러선물 ETN,KOSPI
464610,SOL 의료기기소부장Fn,KOSPI
550087,N2 선진국 1등주 ETN,KOSPI
269420,KODEX S&P글로벌인프라(합성),KOSPI
261140,TIGER 우선주,KOSPI
284980,RISE 200금융,KOSPI
108675,LX하우시스우,KOSPI
530129,삼성 인버스 2X 미국다우존스 선물 ETN,KOSPI
570114,한투 S&P500 VIX S/T선물 ETN(H) B,KOSPI
010400,우진아이엔에스,KOSPI
007815,코리아써우,KOSPI
530128,삼성 레버리지 미국다우존스 선물 ETN,KOSPI
440650,ACE 미국달러단기채권액티브,KOSPI
140950,파워 코스피100,KOSPI
530083,삼성 금 선물 ETN(H),KOSPI
610003,메리츠 미국 인플레이션 국채 ETN(H),KOSPI
700013,하나 레버리지 콩 선물 ETN(H),KOSPI
290080,RISE 200고배당커버드콜ATM,KOSPI
489000,PLUS 일본엔화초단기국채(합성),KOSPI
213630,PLUS 미국다우존스고배당주(합성 H),KOSPI
000087,하이트진로2우B,KOSPI
500040,신한 레버리지 구리 선물 ETN,KOSPI
385520,KODEX 자율주행액티브,KOSPI
550098,N2 인버스 2X 코스닥150 선물 ETN,KOSPI
341850,TIGER 리츠부동산인프라채권,KOSPI
009440,KC그린홀딩스,KOSPI
494420,PLUS 미국배당증가성장주데일리커버드콜,KOSPI
395150,KODEX 웹툰&드라마,KOSPI
520038,미래에셋 인버스 코스피200 선물 ETN,KOSPI
152550,한국ANKOR유전,KOSPI
474590,WON 반도체밸류체인액티브,KOSPI
266410,KODEX 필수소비재,KOSPI
500061,신한 인버스 코스피 200 선물 ETN,KOSPI
451600,PLUS 국고채30년액티브,KOSPI
337140,KODEX 코스피대형주,KOSPI
580054,KB 인버스 2X 콩 선물 ETN,KOSPI
354350,HANARO 글로벌럭셔리S&P(합성),KOSPI
415340,KODEX 차이나과창판STAR50(합성),KOSPI
570115,한투 인버스0.5X S&P500 VIX S/T선물 ETN B,KOSPI
474920,에셋플러스 차이나일등기업포커스10액티브,KOSPI
381560,HANARO Fn전기&수소차,KOSPI
280320,ACE 미국IT인터넷S&P(합성 H),KOSPI
239660,PLUS 우량회사채50,KOSPI
486240,DAISHIN343 AI반도체&인프라액티브,KOSPI
407820,에셋플러스 코리아플랫폼액티브,KOSPI
130680,TIGER 원유선물Enhanced(H),KOSPI
550088,N2 월간 레버리지 선진국 1등주 ETN,KOSPI
500024,신한 인버스 콩 선물 ETN(H),KOSPI
760017,키움 조선TOP10 ETN,KOSPI
491510,파워 K-주주가치액티브,KOSPI
570057,한투 은 선물 ETN,KOSPI
448630,RISE 삼성그룹Top3채권혼합,KOSPI
250780,TIGER 코스닥150선물인버스,KOSPI
610040,메리츠 인버스 2X 미국채30년 ETN(H),KOSPI
459750,RISE 글로벌주식분산액티브,KOSPI
422260,VITA MZ소비액티브,KOSPI
304770,HANARO 코스닥150,KOSPI
005725,넥센우,KOSPI
570072,한투 레버리지 구리 선물 ETN,KOSPI
001795,대한제당우,KOSPI
463640,KODEX 미국S&P500유틸리티,KOSPI
610089,메리츠 솔랙티브 -2X WTI원유 선물 ETN(H),KOSPI
354240,RISE 미국고정배당우선증권,KOSPI
530112,삼성 S&P500 ETN,KOSPI
396510,TIGER 차이나클린에너지SOLACTIVE,KOSPI
316670,KIWOOM 코스닥150,KOSPI
204210,스타에스엠리츠,KOSPI
183700,RISE 채권혼합,KOSPI
496130,TRUSTON 코리아밸류업액티브,KOSPI
265690,ACE 러시아MSCI(합성),KOSPI
433880,PLUS TDF2060액티브,KOSPI
277540,ACE 아시아TOP50S&P,KOSPI
460660,RISE 미국S&P배당킹,KOSPI
440340,TIGER 글로벌멀티에셋TIF액티브,KOSPI
700014,하나 인버스 2X 콩 선물 ETN(H),KOSPI
461910,PLUS 미국테크TOP10레버리지(합성),KOSPI
494180,TIMEFOLIO 글로벌소비트렌드액티브,KOSPI
152500,ACE 레버리지,KOSPI
500063,신한 인버스 코스닥 150 선물 ETN,KOSPI
465660,TIGER 일본반도체FACTSET,KOSPI
008500,일정실업,KOSPI
417630,TIGER KEDI혁신기업ESG30,KOSPI
385600,ACE 2차전지&친환경차액티브,KOSPI
241390,RISE V&S셀렉트밸류채권혼합,KOSPI
610025,메리츠 인버스 2X 미국채10년 ETN(H),KOSPI
520040,미래에셋 인버스 코스닥150 선물 ETN,KOSPI
469060,RISE 미국반도체NYSE,KOSPI
467620,KIWOOM 25-09 미국채권(AA-이상)액티브,KOSPI
580043,KB 레버리지 KOSDAQ 150 선물 ETN,KOSPI
219390,RISE 미국S&P원유생산기업(합성 H),KOSPI
530121,삼성 항셍테크 ETN(H) B,KOSPI
428560,KODEX 미국ETF산업Top10 Indxx,KOSPI
494340,ACE 글로벌AI맞춤형반도체,KOSPI
530089,삼성 은 선물 ETN(H),KOSPI
455660,ACE 미국하이일드액티브(H),KOSPI
371870,ACE 차이나항셍테크,KOSPI
510027,대신 인버스 2X 코스닥 150 선물 ETN,KOSPI
226980,KODEX 200 중소형,KOSPI
570100,한투 일본종합상사TOP5 ETN,KOSPI
253290,RISE 헬스케어채권혼합,KOSPI
580044,KB 인버스 2X KOSDAQ 150 선물 ETN,KOSPI
580069,KB S&P 인버스 2X WTI원유 선물 ETN B,KOSPI
500094,신한 블룸버그 인버스2X WTI원유선물 ETN B,KOSPI
700030,하나 S&P 인버스 2X WTI원유 선물 ETN B,KOSPI
500013,신한 옥수수 선물 ETN(H),KOSPI
185680,KODEX 미국S&P바이오(합성),KOSPI
300610,TIGER K게임,KOSPI
494220,UNICORN SK하이닉스밸류체인액티브,KOSPI
446700,RISE 배터리 리사이클링,KOSPI
100910,KIWOOM KRX100,KOSPI
223190,KODEX 200가치저변동,KOSPI
530125,삼성 인버스 2X 일본니케이225선물 ETN(H),KOSPI
580026,KB 레버리지 은 선물 ETN(H),KOSPI
337150,KODEX 200exTOP,KOSPI
252420,RISE 200선물인버스2X,KOSPI
475310,SOL 반도체후공정,KOSPI
140910,에이리츠,KOSPI
520064,미래에셋 2X 미국채울트라30년 선물 ETN,KOSPI
610039,메리츠 인버스 미국채30년 ETN(H),KOSPI
610028,메리츠 레버리지 구리 선물 ETN(H),KOSPI
137610,TIGER 농산물선물Enhanced(H),KOSPI
442090,에셋플러스 코리아대장장이액티브,KOSPI
156080,KODEX MSCI Korea,KOSPI
530063,삼성 레버리지 구리 선물 ETN(H),KOSPI
550069,N2 레버리지 구리 선물 ETN(H),KOSPI
275300,KODEX 우량주,KOSPI
407310,HANARO 200 TOP10,KOSPI
570073,한투 인버스 2X 구리 선물 ETN,KOSPI
500028,신한 인버스 2X 다우존스지수 선물 ETN(H),KOSPI
417450,RISE 글로벌수소경제,KOSPI
387280,TIGER 퓨처모빌리티액티브,KOSPI
225800,KIWOOM 미국달러선물레버리지,KOSPI
105780,RISE 5대그룹주,KOSPI
500085,신한 코스피 200 TR ETN,KOSPI
004255,NPC우,KOSPI
530117,삼성 코스피 200 TR ETN,KOSPI
291130,ACE 멕시코MSCI(합성),KOSPI
570052,한투 플래티넘 선물 ETN,KOSPI
305050,ACE 코스피,KOSPI
461450,KODEX 코스닥글로벌,KOSPI
001067,JW중외제약2우B,KOSPI
433220,에셋플러스 글로벌대장장이액티브,KOSPI
145995,삼양사우,KOSPI
275280,KODEX 모멘텀주,KOSPI
610024,메리츠 인버스 미국채10년 ETN(H),KOSPI
276000,TIGER 글로벌자원생산기업(합성 H),KOSPI
570063,한투 베트남 VN30 선물 ETN(H),KOSPI
472350,1Q 차이나H(H),KOSPI
477490,에셋플러스 글로벌일등기업포커스10액티브,KOSPI
465670,TIGER 미국캐시카우100,KOSPI
449690,TIGER 한중반도체(합성),KOSPI
530139,삼성 iSelect 조선 TOP10 TR ETN,KOSPI
269370,TIGER S&P글로벌인프라(합성),KOSPI
464920,PLUS 일본반도체소부장,KOSPI
520084,미래에셋 -2X 미국 자율주행대표기업 ETN,KOSPI
453630,KODEX 미국S&P500필수소비재,KOSPI
451670,RISE 국채30년레버리지(합성),KOSPI
195920,TIGER 일본TOPIX(합성 H),KOSPI
530120,삼성 나스닥 100 ETN,KOSPI
000075,삼양홀딩스우,KOSPI
419650,PLUS 글로벌수소&차세대연료전지,KOSPI
104520,KIWOOM 블루칩,KOSPI
520043,미래에셋 S&P 유럽탄소배출권 선물 ETN,KOSPI
310080,RISE 중국MSCI China(H),KOSPI
760006,키움 KPOP ETN,KOSPI
610081,메리츠 레버리지 멕시코 페소화 ETN,KOSPI
468370,KODEX iShares미국인플레이션국채액티브,KOSPI
114460,ACE 국고채3년,KOSPI
285690,FOCUS ESG리더스,KOSPI
520079,미래에셋 레버리지 미국 제약 TOP3 ETN,KOSPI
530056,삼성 인버스 2X 금 선물 ETN(H),KOSPI
084695,대상홀딩스우,KOSPI
391600,ACE 미국친환경그린테마INDXX,KOSPI
395280,HANARO Fn K-게임,KOSPI
292160,TIGER KRX300,KOSPI
292770,KODEX 국채선물3년인버스,KOSPI
500056,신한 레버리지 Russell 2000 ETN,KOSPI
570071,한투 구리 선물 ETN,KOSPI
570099,한투 S&P 인버스 2X 엔달러 선물 ETN(H),KOSPI
145850,TREX 펀더멘탈 200,KOSPI
159800,마이티 코스피100,KOSPI
435040,ACE 글로벌브랜드TOP10블룸버그,KOSPI
456250,KODEX 유럽명품TOP10 STOXX,KOSPI
117690,TIGER 차이나항셍30,KOSPI
451150,에셋플러스 글로벌영에이지액티브,KOSPI
138530,TIGER LG그룹+펀더멘털,KOSPI
379790,RISE 유로스탁스50(H),KOSPI
610059,메리츠 3X 레버리지 국채10년 ETN,KOSPI
453060,HANARO KOFR금리액티브(합성),KOSPI
472840,ITF 200,KOSPI
510016,대신 천연가스 선물 ETN(H),KOSPI
500080,신한 S&P 레버리지 유로 선물 ETN(H),KOSPI
275290,KODEX 가치주,KOSPI
461900,PLUS 미국테크TOP10,KOSPI
700027,하나 반도체 ETN,KOSPI
550074,N2 블룸버그 2X 천연가스 선물 ETN(H),KOSPI
404120,TIMEFOLIO K신재생에너지액티브,KOSPI
520061,미래에셋 인도네시아 Top5 ETN,KOSPI
430500,KIWOOM 물가채KIS,KOSPI
570085,한투 블룸버그 인도네시아 대표원자재 ETN,KOSPI
140710,KODEX 운송,KOSPI
453660,KODEX 미국S&P500경기소비재,KOSPI
253150,PLUS 200선물레버리지,KOSPI
230480,KIWOOM 미국달러선물인버스2X,KOSPI
376410,TIGER 탄소효율그린뉴딜,KOSPI
610049,메리츠 국채5년 ETN,KOSPI
610057,메리츠 3X 레버리지 국채5년 ETN,KOSPI
253250,KIWOOM 200선물레버리지,KOSPI
610072,메리츠 KAP 레버리지 중국 위안화 ETN,KOSPI
483420,ACE 애플밸류체인액티브,KOSPI
520085,미래에셋 -2X 미국 AI TOP3 ETN,KOSPI
610009,메리츠 인버스 국채30년 ETN,KOSPI
610029,메리츠 인버스 2X 구리 선물 ETN(H),KOSPI
500078,신한 S&P 유로 선물 ETN(H),KOSPI
192720,파워 고배당저변동성,KOSPI
391670,HK 베스트일레븐액티브,KOSPI
484890,SOL 머니마켓액티브,KOSPI
530114,삼성 인버스 2X S&P500 선물 ETN,KOSPI
475070,KoAct 글로벌친환경전력인프라액티브,KOSPI
550070,N2 인버스 레버리지 구리 선물 ETN(H),KOSPI
432840,HANARO 미국S&P500,KOSPI
610080,메리츠 멕시코 페소화 ETN,KOSPI
217780,TIGER 차이나CSI300인버스(합성),KOSPI
496120,ACE 코리아밸류업,KOSPI
610055,메리츠 3X 레버리지 국채3년 ETN,KOSPI
487950,KODEX 대만테크고배당다우존스,KOSPI
610045,메리츠 국채3년 ETN,KOSPI
473640,HANARO 글로벌금채굴기업,KOSPI
277640,TIGER 코스피대형주,KOSPI
000225,유유제약1우,KOSPI
404260,KODEX 기후변화솔루션,KOSPI
225130,ACE 골드선물 레버리지(합성 H),KOSPI
610071,메리츠 KAP 중국 위안화 ETN,KOSPI
471780,TIGER 코리아테크액티브,KOSPI
610067,메리츠 블룸버그 2X 천연가스선물 ETN(H) B,KOSPI
445910,TIGER MKF배당귀족,KOSPI
004835,덕성우,KOSPI
463690,KODEX 미국S&P500커뮤니케이션,KOSPI
003075,코오롱글로벌우,KOSPI
610074,메리츠 미국채10년 ETN,KOSPI
550096,N2 레버리지 국채30년 ETN,KOSPI
570108,한투 레버리지국채30년 ETN,KOSPI
530123,삼성 일본니케이225선물 ETN(H),KOSPI
482870,HANARO 주주가치성장코리아액티브,KOSPI
487920,ACE 인도시장대표BIG5그룹액티브,KOSPI
131890,ACE 삼성그룹동일가중,KOSPI
510015,대신 밀 선물 ETN(H),KOSPI
760015,키움 레버리지 바이오TOP10 ETN,KOSPI
004105,태양금속우,KOSPI
610087,메리츠 솔랙티브 WTI원유 선물 ETN(H),KOSPI
452440,VITA 밸류알파액티브,KOSPI
385710,TIMEFOLIO K이노베이션액티브,KOSPI
610020,메리츠 인버스 국채10년 ETN,KOSPI
281990,RISE 중소형고배당,KOSPI
570074,한투 S&P 유럽탄소배출권 선물 ETN(H),KOSPI
610030,메리츠 S&P 유럽탄소배출권 선물 ETN(H),KOSPI
500086,신한 코스닥 150 TR ETN,KOSPI
580059,KB 미국채 10년 ETN,KOSPI
610068,메리츠 KAP 일본 엔화 ETN,KOSPI
500079,신한 S&P 인버스 유로 선물 ETN(H),KOSPI
139320,TIGER 금은선물(H),KOSPI
550095,N2 레버리지 국채10년 ETN,KOSPI
580019,KB 인버스 2X 항셍테크 선물 ETN,KOSPI
610077,메리츠 미국채30년 ETN,KOSPI
530132,삼성 블룸버그 WTI원유 선물 ETN B,KOSPI
153270,KIWOOM 코스피100,KOSPI
530095,삼성 구리 선물 ETN(H),KOSPI
530137,삼성 KRX 2차전지 TOP10 TR ETN,KOSPI
580060,KB 레버리지 미국채 10년 ETN,KOSPI
450190,KODEX 한중반도체(합성),KOSPI
580065,KB 코스닥 150 TR ETN,KOSPI
292500,SOL KRX300,KOSPI
610086,메리츠 인버스2X 미국채30년 스트립 ETN(H),KOSPI
610091,메리츠 3X 레버리지 일본 국채 10년 ETN,KOSPI
760020,키움 레버리지 리츠부동산인프라 ETN,KOSPI
225060,TIGER 이머징마켓MSCI레버리지(합성 H),KOSPI
269530,PLUS S&P글로벌인프라,KOSPI
570096,한투 인버스 2X 일본 엔선물 ETN,KOSPI
610082,메리츠 인도 루피화 ETN,KOSPI
760019,키움 리츠부동산인프라 ETN,KOSPI
570092,한투 인버스 2X 유로스탁스50 ETN(H) B,KOSPI
251590,PLUS 고배당저변동50,KOSPI
395760,PLUS ESG성장주액티브,KOSPI
429740,PLUS K리츠,KOSPI
610090,메리츠 일본 국채 10년 ETN,KOSPI
610070,메리츠 KAP 인버스 2X 일본 엔화 ETN,KOSPI
580063,KB 레버리지 미국채 10년 선물 ETN,KOSPI
364690,KODEX 혁신기술테마액티브,KOSPI
413930,WON AI ESG액티브,KOSPI
215620,HK S&P코리아로우볼,KOSPI
610083,메리츠 레버리지 인도 루피화 ETN,KOSPI
610051,메리츠 인버스 국채5년 ETN,KOSPI
001065,JW중외제약우,KOSPI
610092,메리츠 인버스 일본 국채 10년 ETN,KOSPI
181480,ACE 미국부동산리츠(합성 H),KOSPI
530127,삼성 미국다우존스 ETN,KOSPI
480460,WON 한국부동산TOP3플러스,KOSPI
580051,KB 레버리지 밀 선물 ETN,KOSPI
610093,메리츠 인버스 3X 일본 국채 10년 ETN,KOSPI
460270,KIWOOM 미국달러SOFR금리액티브(합성),KOSPI
498050,HANARO 바이오코리아액티브,KOSPI
570110,한투 3X레버리지국채30년 ETN,KOSPI
500081,신한 S&P 인버스 2X 유로 선물 ETN(H),KOSPI
580064,KB 인버스 2X 미국채 10년 선물 ETN,KOSPI
580061,KB 미국채 30년 ETN,KOSPI
520046,미래에셋 레버리지 옥수수 선물 ETN,KOSPI
006345,대원전선우,KOSPI
610056,메리츠 인버스 3X 국채3년 ETN,KOSPI
442560,RISE TDF2040액티브,KOSPI
580050,KB STAR 50 ETN,KOSPI
570094,한투 일본 엔선물 ETN C,KOSPI
419420,KODEX 미국클린에너지나스닥,KOSPI
140580,RISE 우량업종대표주,KOSPI
500055,신한 인버스 Russell 2000 ETN,KOSPI
610032,메리츠 CSI 300 ETN,KOSPI
375760,HANARO 탄소효율그린뉴딜,KOSPI
610084,메리츠 미국채30년 스트립 ETN(H),KOSPI
610079,메리츠 인버스 3X 미국채30년 ETN,KOSPI
183710,RISE 주식혼합,KOSPI
227560,TIGER 200 생활소비재,KOSPI
261110,TIGER 미국달러선물레버리지,KOSPI
530135,삼성 인버스 China A50 선물 ETN(H) B,KOSPI
550043,N2 인버스 레버리지 WTI원유 선물 ETN(H),KOSPI
610035,메리츠 레버리지 대표 농산물 선물 ETN(H),KOSPI
530096,삼성 인버스 구리 선물 ETN(H),KOSPI
446690,KODEX 아시아AI반도체exChina액티브,KOSPI
610058,메리츠 인버스 3X 국채5년 ETN,KOSPI
570053,한투 인버스 플래티넘 선물 ETN,KOSPI
580014,KB 인버스 2X 나스닥 100 ETN,KOSPI
337120,KODEX 멀티팩터,KOSPI
229720,KODEX KTOP30,KOSPI
500041,신한 인버스 2X 구리 선물 ETN,KOSPI
494210,SOL 미국500타겟데일리커버드콜액티브,KOSPI
474390,SOL 국고채30년액티브,KOSPI
449580,RISE 테슬라애플아마존채권혼합,KOSPI
610076,메리츠 인버스 3X 미국채10년 ETN,KOSPI
424460,HANARO 글로벌워터MSCI(합성),KOSPI
610073,메리츠 KAP 인버스 2X 중국 위안화 ETN,KOSPI
289260,TIGER MSCI KOREA ESG리더스,KOSPI
415920,PLUS 글로벌희토류&전략자원생산기업,KOSPI
457930,BNK 미래전략기술액티브,KOSPI
244620,KODEX 모멘텀Plus,KOSPI
469790,KIWOOM K-테크TOP10,KOSPI
489010,PLUS 글로벌AI인프라,KOSPI
004985,성신양회우,KOSPI
001515,SK증권우,KOSPI
368680,KODEX K-뉴딜디지털플러스,KOSPI
227570,TIGER 우량가치,KOSPI
289040,KODEX MSCI KOREA ESG유니버설,KOSPI
570097,한투 S&P 엔달러 선물 ETN(H),KOSPI
108590,TREX 200,KOSPI
580062,KB 레버리지 미국채 30년 ETN,KOSPI
001755,한양증권우,KOSPI
438740,마이다스 중소형액티브,KOSPI
400590,SOL 글로벌탄소배출권선물ICE(합성),KOSPI
390400,KODEX 미국스마트모빌리티S&P,KOSPI
500036,신한 인버스 2X 미국달러 선물 ETN,KOSPI
530092,삼성 인버스 코스피 200 선물 ETN,KOSPI
580055,KB 블룸버그 레버리지 천연가스 선물 ETN,KOSPI
570101,한투 인버스 나스닥100 ETN B,KOSPI
570111,한투 3X레버리지미국채30년 ETN,KOSPI
530060,삼성 코스피 양매도 5% OTM ETN,KOSPI
217770,TIGER 원유선물인버스(H),KOSPI
252650,KODEX 200동일가중,KOSPI
570095,한투 레버리지 일본 엔선물 ETN C,KOSPI
570109,한투 레버리지미국채30년 ETN,KOSPI
289250,TIGER MSCI KOREA ESG유니버설,KOSPI
411540,SOL 200 Top10,KOSPI
227830,PLUS 코스피,KOSPI
610060,메리츠 인버스 3X 국채10년 ETN,KOSPI
462340,에셋플러스 글로벌다이나믹시니어액티브,KOSPI
367740,HANARO Fn5G산업,KOSPI
182490,TIGER 단기선진하이일드(합성 H),KOSPI
415760,SOL 차이나육성산업액티브(합성),KOSPI
700011,하나 레버리지 옥수수 선물 ETN(H),KOSPI
499150,SOL 미국S&P500엔화노출(H),KOSPI
234310,RISE V&S셀렉트밸류,KOSPI
570058,한투 인버스 은 선물 ETN,KOSPI
500067,신한 레버리지 10년 국채선물 ETN,KOSPI
375270,RISE 글로벌데이터센터리츠(합성),KOSPI
488290,마이다스 일본테크액티브,KOSPI
000325,노루홀딩스우,KOSPI
225030,TIGER 미국S&P500선물인버스(H),KOSPI
304760,HANARO KRX300,KOSPI
580035,KB S&P 유럽탄소배출권 선물 ETN(H),KOSPI
237440,TIGER 경기방어채권혼합,KOSPI
225050,TIGER 유로스탁스레버리지(합성 H),KOSPI
570056,한투 인버스 금 선물 ETN,KOSPI
570060,한투 인버스 2X 금 선물 ETN,KOSPI
498610,RISE 인도디지털성장,KOSPI
570066,한투 인버스 2X 베트남 VN30 선물 ETN(H),KOSPI
497520,ACE 일라이릴리밸류체인,KOSPI
610034,메리츠 대표 농산물 선물 ETN(H),KOSPI
270800,RISE KQ고배당,KOSPI
488200,KIWOOM K-2차전지북미공급망,KOSPI
381570,HANARO Fn친환경에너지,KOSPI
267440,RISE 미국장기국채선물(H),KOSPI
488480,RISE 일본섹터TOP4Plus,KOSPI
760014,키움 바이오TOP10 ETN,KOSPI
530094,삼성 인버스 코스닥 150 선물 ETN,KOSPI
610033,메리츠 STAR 50 ETN,KOSPI
464600,SOL 자동차소부장Fn,KOSPI
570091,한투 인버스 유로스탁스50 ETN(H) C,KOSPI
474800,KIWOOM 미국원유에너지기업,KOSPI
404650,SOL KRX기후변화솔루션,KOSPI
570098,한투 S&P 레버리지 엔달러 선물 ETN(H),KOSPI
760021,키움 코스피200 선물 달러노출 ETN,KOSPI
279540,KODEX 최소변동성,KOSPI
460280,KIWOOM Fn유전자혁신기술,KOSPI
497510,ACE 글로벌빅파마,KOSPI
360150,KODEX 코스닥150롱코스피200숏선물,KOSPI
228820,TIGER KTOP30,KOSPI
435550,KIWOOM TDF2050액티브,KOSPI
530062,삼성 인버스 2X 은 선물 ETN(H),KOSPI
400580,SOL 유럽탄소배출권선물S&P(H),KOSPI
510043,대신 인버스 천연가스 선물 ETN(H) B,KOSPI
292050,RISE KRX300,KOSPI
491630,RISE 미국반도체인버스(합성 H),KOSPI
429010,TIGER 미국나스닥넥스트100,KOSPI
280920,PLUS 주도업종,KOSPI
487130,KoAct AI인프라액티브,KOSPI
442550,RISE TDF2030액티브,KOSPI
435540,KIWOOM TDF2040액티브,KOSPI
500070,신한 인버스 2X 코스피 200 선물 ETN,KOSPI
166400,TIGER 200커버드콜OTM,KOSPI
442580,PLUS 글로벌HBM반도체,KOSPI
449680,TIGER 한중전기차(합성),KOSPI
570064,한투 인버스 베트남 VN30 선물 ETN(H),KOSPI
289670,PLUS 국채선물10년,KOSPI
399580,RISE 글로벌클린에너지,KOSPI
416090,ACE 중국과창판STAR50,KOSPI
404540,TIGER KRX기후변화솔루션,KOSPI
373490,KODEX 코리아혁신성장액티브,KOSPI
580032,KB 레버리지 구리 선물 ETN(H),KOSPI
500068,신한 인버스 2X 10년 국채선물 ETN,KOSPI
267490,RISE 미국장기국채선물레버리지(합성 H),KOSPI
760012,키움 반도체TOP10 ETN,KOSPI
464060,HANARO 글로벌반도체TOP10 SOLACTIVE,KOSPI
435530,KIWOOM TDF2030액티브,KOSPI
610013,메리츠 인버스 2X 금 선물 ETN(H),KOSPI
000545,흥국화재우,KOSPI
315270,TIGER 200커뮤니케이션서비스,KOSPI
380340,ACE Fn5G플러스,KOSPI
316300,ACE 싱가포르리츠,KOSPI
550063,N2 인버스 레버리지 금 선물 ETN(H),KOSPI
189400,PLUS 글로벌MSCI(합성 H),KOSPI
441330,KIWOOM 차이나A50커넥트MSCI,KOSPI
176950,KODEX 국채선물10년인버스,KOSPI
570070,한투 인버스 2X 플래티넘 선물 ETN,KOSPI
530084,삼성 인버스 금 선물 ETN(H),KOSPI
520069,미래에셋 -2X 홍콩H 선물 ETN(H),KOSPI
205720,ACE 일본TOPIX인버스(합성 H),KOSPI
456200,PLUS 미국달러SOFR금리액티브(합성),KOSPI
090355,노루페인트우,KOSPI
610023,메리츠 레버리지 미국채10년 ETN(H),KOSPI
174350,TIGER 로우볼,KOSPI
530090,삼성 인버스 은 선물 ETN(H),KOSPI
490330,KoAct 미국뇌질환치료제액티브,KOSPI
429980,SOL 한국형글로벌전기차&2차전지액티브,KOSPI
219900,ACE 중국본토CSI300레버리지(합성),KOSPI
139290,TIGER 200 경기소비재,KOSPI
469530,RISE 미국달러선물인버스,KOSPI
140570,RISE 수출주,KOSPI
580053,KB 레버리지 콩 선물 ETN,KOSPI
266390,KODEX 경기소비재,KOSPI
244670,KODEX 밸류Plus,KOSPI
000145,하이트진로홀딩스우,KOSPI
007575,일양약품우,KOSPI
304670,KODEX 미국30년국채울트라선물인버스(H),KOSPI
226380,ACE Fn성장소비주도주,KOSPI
580033,KB 인버스 2X 구리 선물 ETN(H),KOSPI
139240,TIGER 200 철강소재,KOSPI
570062,한투 인버스 2X 은 선물 ETN,KOSPI
314700,HANARO 농업융복합산업,KOSPI
483020,KIWOOM 의료AI,KOSPI
459370,SOL 유럽탄소배출권선물인버스ICE(H),KOSPI
432600,RISE 국채선물3년,KOSPI
105010,TIGER 라틴35,KOSPI
450180,KODEX 한중전기차(합성),KOSPI
433250,UNICORN R&D 액티브,KOSPI
437370,RISE 글로벌농업경제,KOSPI
261920,ACE 필리핀MSCI(합성),KOSPI
401590,HANARO 글로벌탄소배출권선물ICE(합성),KOSPI
267450,RISE 미국장기국채선물인버스(H),KOSPI
530122,삼성 인버스 2X 항셍테크 ETN(H) B,KOSPI
301400,PLUS 코스닥150,KOSPI
481200,SOL 미국테크TOP10인버스(합성),KOSPI
489860,KIWOOM 글로벌전력GRID인프라,KOSPI
402460,HANARO Fn K-메타버스MZ,KOSPI
461580,TIGER 코스닥글로벌,KOSPI
395750,PLUS ESG가치주액티브,KOSPI
610062,메리츠 인버스 3X 국채30년 ETN,KOSPI
397420,RISE 국채선물5년추종,KOSPI
138920,KODEX 콩선물(H),KOSPI
307510,TIGER 의료기기,KOSPI
760010,키움 2차전지산업 ETN,KOSPI
291890,KODEX MSCI EM선물(H),KOSPI
321410,KODEX 멀티에셋하이인컴(H),KOSPI
373790,KIWOOM 미국방어배당성장나스닥,KOSPI
005745,크라운해태홀딩스우,KOSPI
476260,HANARO 반도체핵심공정주도주,KOSPI
500057,신한 인버스 2X Russell 2000 ETN,KOSPI
466810,BNK 2차전지양극재,KOSPI
373530,PLUS 신흥국MSCI인버스(합성 H),KOSPI
700018,하나 인버스 2X 코스닥150 선물 ETN,KOSPI
256450,PLUS 심천차이넥스트(합성),KOSPI
580017,KB 인버스 2X S&P 500 선물 ETN,KOSPI
610017,메리츠 인버스 2X 은 선물 ETN(H),KOSPI
469160,ACE 일본반도체,KOSPI
550065,N2 인버스 레버리지 은 선물 ETN(H),KOSPI
487750,BNK 온디바이스AI,KOSPI
411050,ACE 글로벌메타버스테크액티브,KOSPI
570023,한투 인버스 2X S&P500 선물 ETN(H),KOSPI
014825,동원시스템즈우,KOSPI
407300,HANARO Fn골프테마,KOSPI
244660,KODEX 퀄리티Plus,KOSPI
277650,TIGER 코스피중형주,KOSPI
005965,동부건설우,KOSPI
252410,RISE 200선물인버스,KOSPI
004545,깨끗한나라우,KOSPI
485810,TIMEFOLIO 글로벌안티에이징바이오액티브,KOSPI
760011,키움 레버리지 2차전지산업 ETN,KOSPI
476310,RISE 글로벌비만산업TOP2+,KOSPI
292730,FOCUS KRX300,KOSPI
014285,금강공업우,KOSPI
253230,KIWOOM 200선물인버스2X,KOSPI
220130,SOL 차이나강소기업CSI500(합성 H),KOSPI
476000,UNICORN 포스트IPO액티브,KOSPI
486780,HANARO 200선물레버리지1.5X,KOSPI
012205,계양전기우,KOSPI
334690,RISE 팔라듐선물(H),KOSPI
008355,남선알미우,KOSPI
454180,KIWOOM 차이나내수소비TOP CSI,KOSPI
486790,HANARO 코스닥150선물레버리지1.5X,KOSPI
291680,RISE 차이나H선물인버스(H),KOSPI
413220,SOL 차이나태양광CSI(합성),KOSPI
407160,KCGI 테크미디어텔레콤액티브,KOSPI
243890,TIGER 200에너지화학레버리지,KOSPI
253160,PLUS 200선물인버스2X,KOSPI
520011,미래에셋 인버스 원유선물혼합 ETN(H),KOSPI
266550,PLUS 중형주저변동50,KOSPI
009415,태영건설우,KOSPI
346000,HANARO KAP초장기국고채,KOSPI
580040,KB 인버스 2X KOSPI 200 선물 ETN,KOSPI
238670,PLUS 스마트베타Quality채권혼합,KOSPI
280940,KODEX 골드선물인버스(H),KOSPI
011155,CJ씨푸드1우,KOSPI
291620,KIWOOM 코스닥150선물인버스,KOSPI
000227,유유제약2우B,KOSPI
002995,금호건설우,KOSPI
482030,KoAct 테크핵심소재공급망액티브,KOSPI
261060,TIGER 코스닥150IT,KOSPI
580023,KB 인버스 2X 금 선물 ETN(H),KOSPI
500051,신한 인버스 2X S&P500 선물 ETN,KOSPI
700025,하나 블룸버그 2X 천연가스 선물 ETN(H) B,KOSPI
426330,KIWOOM 미국ETF산업STOXX,KOSPI
488210,KIWOOM K-반도체북미공급망,KOSPI
483030,KIWOOM 미국블록버스터바이오테크의약품+,KOSPI
002785,진흥기업우B,KOSPI
433870,PLUS TDF2050액티브,KOSPI
098560,TIGER 방송통신,KOSPI
306520,HANARO 200선물인버스,KOSPI
004415,서울식품우,KOSPI
433860,PLUS TDF2040액티브,KOSPI
227550,TIGER 200 산업재,KOSPI
306530,HANARO 코스닥150선물레버리지,KOSPI
253240,KIWOOM 200선물인버스,KOSPI
500030,신한 인버스 2X 은 선물 ETN(H),KOSPI
291630,KIWOOM 코스닥150선물레버리지,KOSPI
014915,성문전자우,KOSPI
001525,동양우,KOSPI
001527,동양2우B,KOSPI
407170,KCGI 스마트커머스액티브,KOSPI
580027,KB 인버스 2X 은 선물 ETN(H),KOSPI
002787,진흥기업2우B,KOSPI
334700,RISE 팔라듐선물인버스(H),KOSPI
252000,TIGER 200동일가중,KOSPI
465620,ACE 미국빅테크TOP7 Plus인버스(합성),KOSPI
470310,UNICORN 생성형AI강소기업액티브,KOSPI
145670,ACE 인버스,KOSPI
550045,N2 인버스 레버리지 S&P500 ETN,KOSPI
275750,RISE 코스닥150선물인버스,KOSPI
500038,신한 인버스 2X 금 선물 ETN,KOSPI
412560,TIGER BBIG레버리지,KOSPI
301410,PLUS 코스닥150선물인버스,KOSPI
196170,알테오젠,KOSDAQ
247540,에코프로비엠,KOSDAQ
087010,펩트론,KOSDAQ
086520,에코프로,KOSDAQ
214450,파마리서치,KOSDAQ
028300,HLB,KOSDAQ
277810,레인보우로보틱스,KOSDAQ
141080,리가켐바이오,KOSDAQ
145020,휴젤,KOSDAQ
000250,삼천당제약,KOSDAQ
298380,에이비엘바이오,KOSDAQ
214150,클래시스,KOSDAQ
058470,리노공업,KOSDAQ
950160,코오롱티슈진,KOSDAQ
257720,실리콘투,KOSDAQ
041510,에스엠,KOSDAQ
039030,이오테크닉스,KOSDAQ
035900,JYP Ent.,KOSDAQ
214370,케어젠,KOSDAQ
263750,펄어비스,KOSDAQ
082270,젬백스,KOSDAQ
068760,셀트리온제약,KOSDAQ
403870,HPSP,KOSDAQ
310210,보로노이,KOSDAQ
357780,솔브레인,KOSDAQ
065350,신성델타테크,KOSDAQ
237690,에스티팜,KOSDAQ
140860,파크시스템스,KOSDAQ
240810,원익IPS,KOSDAQ
122870,와이지엔터테인먼트,KOSDAQ
005290,동진쎄미켐,KOSDAQ
096530,씨젠,KOSDAQ
348370,엔켐,KOSDAQ
035760,CJ ENM,KOSDAQ
347850,디앤디파마텍,KOSDAQ
253450,스튜디오드래곤,KOSDAQ
195940,HK이노엔,KOSDAQ
293490,카카오게임즈,KOSDAQ
083650,비에이치아이,KOSDAQ
328130,루닛,KOSDAQ
036930,주성엔지니어링,KOSDAQ
018290,브이티,KOSDAQ
007390,네이처셀,KOSDAQ
095340,ISC,KOSDAQ
178320,서진시스템,KOSDAQ
064760,티씨케이,KOSDAQ
376300,디어유,KOSDAQ
039200,오스코텍,KOSDAQ
078600,대주전자재료,KOSDAQ
358570,지아이이노베이션,KOSDAQ
108490,로보티즈,KOSDAQ
140410,메지온,KOSDAQ
089030,테크윙,KOSDAQ
101490,에스앤에스텍,KOSDAQ
336570,원텍,KOSDAQ
204270,제이앤티씨,KOSDAQ
112040,위메이드,KOSDAQ
086900,메디톡스,KOSDAQ
003380,하림지주,KOSDAQ
098460,고영,KOSDAQ
226950,올릭스,KOSDAQ
323280,태성,KOSDAQ
042000,카페24,KOSDAQ
084370,유진테크,KOSDAQ
160190,하이젠알앤엠,KOSDAQ
036830,솔브레인홀딩스,KOSDAQ
025980,아난티,KOSDAQ
213420,덕산네오룩스,KOSDAQ
225570,넥슨게임즈,KOSDAQ
232140,와이씨,KOSDAQ
067160,SOOP,KOSDAQ
251970,펌텍코리아,KOSDAQ
060370,LS마린솔루션,KOSDAQ
033500,동성화인텍,KOSDAQ
041190,우리기술투자,KOSDAQ
014620,성광벤드,KOSDAQ
281740,레이크머티리얼즈,KOSDAQ
222800,심텍,KOSDAQ
056190,에스에프에이,KOSDAQ
137400,피엔티,KOSDAQ
085660,차바이오텍,KOSDAQ
086450,동국제약,KOSDAQ
044490,태웅,KOSDAQ
445680,큐리옥스바이오시스템즈,KOSDAQ
290650,엘앤씨바이오,KOSDAQ
388720,유일로보틱스,KOSDAQ
067310,하나마이크론,KOSDAQ
460930,현대힘스,KOSDAQ
161580,필옵틱스,KOSDAQ
183300,코미코,KOSDAQ
052400,코나아이,KOSDAQ
214430,아이쓰리시스템,KOSDAQ
082920,비츠로셀,KOSDAQ
218410,RFHIC,KOSDAQ
335890,비올,KOSDAQ
417200,LS머트리얼즈,KOSDAQ
031980,피에스케이홀딩스,KOSDAQ
053800,안랩,KOSDAQ
131970,두산테스나,KOSDAQ
241710,코스메카코리아,KOSDAQ
200670,휴메딕스,KOSDAQ
121600,나노신소재,KOSDAQ
419530,SAMG엔터,KOSDAQ
101730,위메이드맥스,KOSDAQ
033100,제룡전기,KOSDAQ
194480,데브시스터즈,KOSDAQ
030520,한글과컴퓨터,KOSDAQ
006730,서부T&D,KOSDAQ
025320,시노펙스,KOSDAQ
211050,인카금융서비스,KOSDAQ
078130,국일제지,KOSDAQ
319660,피에스케이,KOSDAQ
084110,휴온스글로벌,KOSDAQ
032190,다우데이타,KOSDAQ
060250,NHN KCP,KOSDAQ
102710,이엔에프테크놀로지,KOSDAQ
032820,우리기술,KOSDAQ
222080,씨아이에스,KOSDAQ
023160,태광,KOSDAQ
058970,엠로,KOSDAQ
009520,포스코엠텍,KOSDAQ
119850,지엔씨에너지,KOSDAQ
383310,에코프로에이치엔,KOSDAQ
319400,현대무벡스,KOSDAQ
058610,에스피지,KOSDAQ
440110,파두,KOSDAQ
064260,다날,KOSDAQ
036620,감성코퍼레이션,KOSDAQ
095660,네오위즈,KOSDAQ
215200,메가스터디교육,KOSDAQ
099320,쎄트렉아이,KOSDAQ
036540,SFA반도체,KOSDAQ
189300,인텔리안테크,KOSDAQ
399720,가온칩스,KOSDAQ
053030,바이넥스,KOSDAQ
032500,케이엠더블유,KOSDAQ
059090,미코,KOSDAQ
372320,큐로셀,KOSDAQ
166090,하나머티리얼즈,KOSDAQ
348210,넥스틴,KOSDAQ
080220,제주반도체,KOSDAQ
067630,HLB생명과학,KOSDAQ
047920,HLB제약,KOSDAQ
099190,아이센스,KOSDAQ
272290,이녹스첨단소재,KOSDAQ
078340,컴투스,KOSDAQ
095610,테스,KOSDAQ
074600,원익QnC,KOSDAQ
069080,웹젠,KOSDAQ
052020,에스티큐브,KOSDAQ
025900,동화기업,KOSDAQ
340570,티앤엘,KOSDAQ
036810,에프에스티,KOSDAQ
347700,스피어,KOSDAQ
365340,성일하이텍,KOSDAQ
475830,오름테라퓨틱,KOSDAQ
030530,원익홀딩스,KOSDAQ
015750,성우하이텍,KOSDAQ
314930,바이오다인,KOSDAQ
206650,유바이오로직스,KOSDAQ
389260,대명에너지,KOSDAQ
278280,천보,KOSDAQ
466100,클로봇,KOSDAQ
397030,에이프릴바이오,KOSDAQ
034950,한국기업평가,KOSDAQ
101930,인화정공,KOSDAQ
131290,티에스이,KOSDAQ
448280,에코아이,KOSDAQ
179900,유티아이,KOSDAQ
389650,넥스트바이오메디컬,KOSDAQ
352480,씨앤씨인터내셔널,KOSDAQ
200130,콜마비앤에이치,KOSDAQ
099430,바이오플러스,KOSDAQ
094480,갤럭시아머니트리,KOSDAQ
046890,서울반도체,KOSDAQ
101360,에코앤드림,KOSDAQ
458870,씨어스테크놀로지,KOSDAQ
098070,한텍,KOSDAQ
215600,신라젠,KOSDAQ
215000,골프존,KOSDAQ
127120,제이에스링크,KOSDAQ
101160,월덱스,KOSDAQ
035890,서희건설,KOSDAQ
416180,신성에스티,KOSDAQ
220100,퓨쳐켐,KOSDAQ
045390,대아티아이,KOSDAQ
124500,아이티센글로벌,KOSDAQ
050890,쏠리드,KOSDAQ
102940,코오롱생명과학,KOSDAQ
122640,예스티,KOSDAQ
041960,코미팜,KOSDAQ
093320,케이아이엔엑스,KOSDAQ
437730,삼현,KOSDAQ
462860,더즌,KOSDAQ
304100,솔트룩스,KOSDAQ
065680,우주일렉트로,KOSDAQ
056080,유진로봇,KOSDAQ
171090,선익시스템,KOSDAQ
424870,이뮨온시아,KOSDAQ
194700,노바렉스,KOSDAQ
013030,하이록코리아,KOSDAQ
095500,미래나노텍,KOSDAQ
082800,비보존 제약,KOSDAQ
064550,바이오니아,KOSDAQ
079370,제우스,KOSDAQ
441270,파인엠텍,KOSDAQ
091700,파트론,KOSDAQ
093520,매커스,KOSDAQ
450950,아스테라시스,KOSDAQ
294570,쿠콘,KOSDAQ
041830,인바디,KOSDAQ
228760,지노믹트리,KOSDAQ
094170,동운아나텍,KOSDAQ
253590,네오셈,KOSDAQ
038500,삼표시멘트,KOSDAQ
287840,인투셀,KOSDAQ
484120,도우인시스,KOSDAQ
115180,큐리언트,KOSDAQ
425420,티에프이,KOSDAQ
309710,아이티켐,KOSDAQ
295310,에이치브이엠,KOSDAQ
094360,칩스앤미디어,KOSDAQ
060280,큐렉소,KOSDAQ
108860,셀바스AI,KOSDAQ
472850,폰드그룹,KOSDAQ
083450,GST,KOSDAQ
078160,메디포스트,KOSDAQ
014940,오리엔탈정공,KOSDAQ
043150,바텍,KOSDAQ
100790,미래에셋벤처투자,KOSDAQ
243070,휴온스,KOSDAQ
256840,한국비엔씨,KOSDAQ
317330,덕산테코피아,KOSDAQ
230360,에코마케팅,KOSDAQ
051500,CJ프레시웨이,KOSDAQ
114190,강원에너지,KOSDAQ
045100,한양이엔지,KOSDAQ
455900,엔젤로보틱스,KOSDAQ
107640,한중엔시에스,KOSDAQ
473980,노머스,KOSDAQ
475960,토모큐브,KOSDAQ
200710,에이디테크놀로지,KOSDAQ
389470,인벤티지랩,KOSDAQ
445090,에이직랜드,KOSDAQ
089010,켐트로닉스,KOSDAQ
054950,제이브이엠,KOSDAQ
217270,넵튠,KOSDAQ
084850,아이티엠반도체,KOSDAQ
420770,기가비스,KOSDAQ
003800,에이스침대,KOSDAQ
025770,한국정보통신,KOSDAQ
206640,바디텍메드,KOSDAQ
950170,JTC,KOSDAQ
260970,에스앤디,KOSDAQ
033790,피노,KOSDAQ
204620,글로벌텍스프리,KOSDAQ
136480,하림,KOSDAQ
068240,다원시스,KOSDAQ
481070,에이유브랜즈,KOSDAQ
308430,셀비온,KOSDAQ
144510,지씨셀,KOSDAQ
079940,가비아,KOSDAQ
051980,중앙첨단소재,KOSDAQ
115450,HLB테라퓨틱스,KOSDAQ
176750,듀켐바이오,KOSDAQ
114840,아이패밀리에스씨,KOSDAQ
123330,제닉,KOSDAQ
452450,피아이이,KOSDAQ
053300,한국정보인증,KOSDAQ
402030,코난테크놀로지,KOSDAQ
053610,프로텍,KOSDAQ
031330,에스에이엠티,KOSDAQ
090710,휴림로봇,KOSDAQ
357550,석경에이티,KOSDAQ
092730,네오팜,KOSDAQ
461300,아이스크림미디어,KOSDAQ
018310,삼목에스폼,KOSDAQ
039440,에스티아이,KOSDAQ
013120,동원개발,KOSDAQ
950140,잉글우드랩,KOSDAQ
378340,필에너지,KOSDAQ
035600,KG이니시스,KOSDAQ
267980,매일유업,KOSDAQ
104830,원익머트리얼즈,KOSDAQ
439090,마녀공장,KOSDAQ
418550,제이오,KOSDAQ
051360,토비스,KOSDAQ
151860,KG에코솔루션,KOSDAQ
041020,폴라리스오피스,KOSDAQ
377450,리파인,KOSDAQ
334970,프레스티지바이오로직스,KOSDAQ
058820,CMG제약,KOSDAQ
089980,상아프론테크,KOSDAQ
036890,진성티이씨,KOSDAQ
060720,KH바텍,KOSDAQ
290690,소룩스,KOSDAQ
237880,클리오,KOSDAQ
048410,현대바이오,KOSDAQ
265520,AP시스템,KOSDAQ
049070,인탑스,KOSDAQ
078020,LS증권,KOSDAQ
067080,대화제약,KOSDAQ
476060,온코닉테라퓨틱스,KOSDAQ
252990,샘씨엔에스,KOSDAQ
394280,오픈엣지테크놀로지,KOSDAQ
356860,티엘비,KOSDAQ
489460,바이오비쥬,KOSDAQ
138610,나이벡,KOSDAQ
036220,오상헬스케어,KOSDAQ
310200,애니플러스,KOSDAQ
033640,네패스,KOSDAQ
027360,아주IB투자,KOSDAQ
338220,뷰노,KOSDAQ
023410,유진기업,KOSDAQ
086390,유니테스트,KOSDAQ
393890,더블유씨피,KOSDAQ
090360,로보스타,KOSDAQ
298830,슈어소프트테크,KOSDAQ
108380,대양전기공업,KOSDAQ
372170,윤성에프앤씨,KOSDAQ
182400,엔케이맥스,KOSDAQ
179290,엠아이텍,KOSDAQ
039840,디오,KOSDAQ
089970,브이엠,KOSDAQ
475400,씨메스,KOSDAQ
256940,킵스파마,KOSDAQ
199820,제일일렉트릭,KOSDAQ
121800,비덴트,KOSDAQ
034810,해성산업,KOSDAQ
064820,케이프,KOSDAQ
067390,아스트,KOSDAQ
255220,SG,KOSDAQ
254490,미래반도체,KOSDAQ
389020,자람테크놀로지,KOSDAQ
348340,뉴로메카,KOSDAQ
457550,우진엔텍,KOSDAQ
065660,안트로젠,KOSDAQ
150840,인트로메딕,KOSDAQ
182360,큐브엔터,KOSDAQ
270520,앱트뉴로사이언스,KOSDAQ
048870,시너지이노베이션,KOSDAQ
110990,디아이티,KOSDAQ
236200,슈프리마,KOSDAQ
114810,한솔아이원스,KOSDAQ
036030,케이티알파,KOSDAQ
096040,이트론,KOSDAQ
199800,툴젠,KOSDAQ
035810,이지홀딩스,KOSDAQ
115310,인포바인,KOSDAQ
099440,스맥,KOSDAQ
376900,로킷헬스케어,KOSDAQ
304360,에스바이오메딕스,KOSDAQ
023760,한국캐피탈,KOSDAQ
900290,GRT,KOSDAQ
060150,인선이엔티,KOSDAQ
024850,HLB이노베이션,KOSDAQ
216080,제테마,KOSDAQ
144960,뉴파워프라즈마,KOSDAQ
121440,골프존홀딩스,KOSDAQ
047560,이스트소프트,KOSDAQ
061970,LB세미콘,KOSDAQ
043370,피에이치에이,KOSDAQ
371950,풍원정밀,KOSDAQ
080160,모두투어,KOSDAQ
126700,하이비젼시스템,KOSDAQ
208340,파멥신,KOSDAQ
168360,펨트론,KOSDAQ
190510,나무가,KOSDAQ
036560,KZ정밀,KOSDAQ
148150,세경하이테크,KOSDAQ
118990,모트렉스,KOSDAQ
119610,인터로조,KOSDAQ
036800,나이스정보통신,KOSDAQ
101970,우양에이치씨,KOSDAQ
463020,뉴엔AI,KOSDAQ
123860,아나패스,KOSDAQ
042370,비츠로테크,KOSDAQ
036200,유니셈,KOSDAQ
033340,좋은사람들,KOSDAQ
095700,제넥신,KOSDAQ
068930,디지털대성,KOSDAQ
240550,동방메디컬,KOSDAQ
073010,케이에스피,KOSDAQ
293780,압타바이오,KOSDAQ
092040,아미코젠,KOSDAQ
005710,대원산업,KOSDAQ
288330,브릿지바이오테라퓨틱스,KOSDAQ
323990,박셀바이오,KOSDAQ
452430,사피엔반도체,KOSDAQ
263720,디앤씨미디어,KOSDAQ
077360,덕산하이메탈,KOSDAQ
057880,푸른소나무,KOSDAQ
100120,뷰웍스,KOSDAQ
356680,엑스게이트,KOSDAQ
032620,유비케어,KOSDAQ
476040,오가노이드사이언스,KOSDAQ
051370,인터플렉스,KOSDAQ
054210,이랜텍,KOSDAQ
468530,프로티나,KOSDAQ
117730,티로보틱스,KOSDAQ
230240,에치에프알,KOSDAQ
036190,금화피에스시,KOSDAQ
035080,그래디언트,KOSDAQ
005160,동국산업,KOSDAQ
136150,원일티엔아이,KOSDAQ
360070,탑머티리얼,KOSDAQ
086890,이수앱지스,KOSDAQ
042420,네오위즈홀딩스,KOSDAQ
017890,한국알콜,KOSDAQ
038390,레드캡투어,KOSDAQ
112290,와이씨켐,KOSDAQ
214180,헥토이노베이션,KOSDAQ
459510,나우로보틱스,KOSDAQ
174900,앱클론,KOSDAQ
362320,청담글로벌,KOSDAQ
158430,아톤,KOSDAQ
234030,싸이닉솔루션,KOSDAQ
484810,티엑스알로보틱스,KOSDAQ
458650,성우,KOSDAQ
092130,이크레더블,KOSDAQ
079960,동양이엔피,KOSDAQ
067280,멀티캠퍼스,KOSDAQ
104460,디와이피엔에프,KOSDAQ
205500,넥써쓰,KOSDAQ
086820,바이오솔루션,KOSDAQ
368770,파이버프로,KOSDAQ
092460,한라IMS,KOSDAQ
046440,KG모빌리언스,KOSDAQ
394800,쓰리빌리언,KOSDAQ
102120,어보브반도체,KOSDAQ
285490,노바텍,KOSDAQ
270660,에브리봇,KOSDAQ
089890,코세스,KOSDAQ
464080,에스오에스랩,KOSDAQ
432720,퀄리타스반도체,KOSDAQ
307750,국전약품,KOSDAQ
065710,서호전기,KOSDAQ
950130,엑세스바이오,KOSDAQ
018000,유니슨,KOSDAQ
109740,디에스케이,KOSDAQ
482630,삼양엔씨켐,KOSDAQ
024810,이화전기,KOSDAQ
083930,아바코,KOSDAQ
053580,웹케시,KOSDAQ
037460,삼지전자,KOSDAQ
054450,텔레칩스,KOSDAQ
083310,엘오티베큠,KOSDAQ
380550,뉴로핏,KOSDAQ
019210,와이지-원,KOSDAQ
126600,BGF에코머티리얼즈,KOSDAQ
297090,씨에스베어링,KOSDAQ
267320,나인테크,KOSDAQ
299030,하나기술,KOSDAQ
330860,네패스아크,KOSDAQ
340450,지씨지놈,KOSDAQ
084990,헬릭스미스,KOSDAQ
105550,엣지파운드리,KOSDAQ
300080,플리토,KOSDAQ
305090,마이크로디지탈,KOSDAQ
331740,아우토크립트,KOSDAQ
243840,신흥에스이씨,KOSDAQ
211270,AP위성,KOSDAQ
122450,KX,KOSDAQ
011040,경동제약,KOSDAQ
016790,현대사료,KOSDAQ
203400,에이비온,KOSDAQ
023910,대한약품,KOSDAQ
024060,흥구석유,KOSDAQ
091120,이엠텍,KOSDAQ
143160,아이디스,KOSDAQ
098120,마이크로컨텍솔,KOSDAQ
125020,티씨머티리얼즈,KOSDAQ
039830,오로라,KOSDAQ
033160,엠케이전자,KOSDAQ
071280,로체시스템즈,KOSDAQ
126340,비나텍,KOSDAQ
353810,이지바이오,KOSDAQ
088800,에이스테크,KOSDAQ
322310,오로스테크놀로지,KOSDAQ
053350,이니텍,KOSDAQ
108230,톱텍,KOSDAQ
080420,모다이노칩,KOSDAQ
205470,휴마시스,KOSDAQ
039980,폴라리스AI,KOSDAQ
123040,엠에스오토텍,KOSDAQ
337930,젝시믹스,KOSDAQ
071200,인피니트헬스케어,KOSDAQ
089600,KT나스미디어,KOSDAQ
377030,비트맥스,KOSDAQ
241520,DSC인베스트먼트,KOSDAQ
069510,에스텍,KOSDAQ
439580,블루엠텍,KOSDAQ
078070,유비쿼스홀딩스,KOSDAQ
013990,아가방컴퍼니,KOSDAQ
078150,HB테크놀러지,KOSDAQ
122990,와이솔,KOSDAQ
096250,와이즈넛,KOSDAQ
203650,드림시큐리티,KOSDAQ
109610,에스와이,KOSDAQ
086980,쇼박스,KOSDAQ
084650,랩지노믹스,KOSDAQ
008830,대동기어,KOSDAQ
388050,지투파워,KOSDAQ
297890,HB솔루션,KOSDAQ
338840,와이바이오로직스,KOSDAQ
234690,녹십자웰빙,KOSDAQ
038290,마크로젠,KOSDAQ
263860,지니언스,KOSDAQ
475230,엔알비,KOSDAQ
143240,사람인,KOSDAQ
332570,PS일렉트로닉스,KOSDAQ
298540,더네이쳐홀딩스,KOSDAQ
234340,헥토파이낸셜,KOSDAQ
192440,슈피겐코리아,KOSDAQ
047310,파워로직스,KOSDAQ
090850,현대이지웰,KOSDAQ
025950,동신건설,KOSDAQ
251120,바이오에프디엔씨,KOSDAQ
389140,포바이포,KOSDAQ
052710,아모텍,KOSDAQ
066620,국보디자인,KOSDAQ
107600,새빗켐,KOSDAQ
063170,서울옥션,KOSDAQ
456010,아이씨티케이,KOSDAQ
205100,엑셈,KOSDAQ
060570,드림어스컴퍼니,KOSDAQ
405100,큐알티,KOSDAQ
365330,에스와이스틸텍,KOSDAQ
059210,메타바이오메드,KOSDAQ
104480,티케이케미칼,KOSDAQ
131370,알서포트,KOSDAQ
032300,한국파마,KOSDAQ
006910,보성파워텍,KOSDAQ
093640,케이알엠,KOSDAQ
052330,코텍,KOSDAQ
453450,그리드위즈,KOSDAQ
443670,에스피소프트,KOSDAQ
333430,일승,KOSDAQ
023600,삼보판지,KOSDAQ
046070,코다코,KOSDAQ
251370,와이엠티,KOSDAQ
053080,케이엔솔,KOSDAQ
336680,탑런토탈솔루션,KOSDAQ
475580,에이럭스,KOSDAQ
408900,스튜디오미르,KOSDAQ
051160,지어소프트,KOSDAQ
136540,윈스테크넷,KOSDAQ
094820,일진파워,KOSDAQ
096240,크레버스,KOSDAQ
100130,동국S&C,KOSDAQ
382900,범한퓨얼셀,KOSDAQ
217820,원익피앤이,KOSDAQ
041440,현대에버다임,KOSDAQ
073490,이노와이어리스,KOSDAQ
201490,미투온,KOSDAQ
063080,컴투스홀딩스,KOSDAQ
063570,NICE인프라,KOSDAQ
290550,디케이티,KOSDAQ
354320,알멕,KOSDAQ
322510,제이엘케이,KOSDAQ
361390,제노코,KOSDAQ
092070,디엔에프,KOSDAQ
078140,대봉엘에스,KOSDAQ
005990,매일홀딩스,KOSDAQ
382840,원준,KOSDAQ
079810,디이엔티,KOSDAQ
299900,위지윅스튜디오,KOSDAQ
425040,티이엠씨,KOSDAQ
123410,코리아에프티,KOSDAQ
007330,푸른저축은행,KOSDAQ
060590,씨티씨바이오,KOSDAQ
049720,고려신용정보,KOSDAQ
068790,DMS,KOSDAQ
038110,에코플라스틱,KOSDAQ
460870,에스엠씨지,KOSDAQ
289220,자이언트스텝,KOSDAQ
272110,케이엔제이,KOSDAQ
274090,켄코아에어로스페이스,KOSDAQ
156100,엘앤케이바이오,KOSDAQ
206560,덱스터,KOSDAQ
462350,이노스페이스,KOSDAQ
377480,마음AI,KOSDAQ
282880,코윈테크,KOSDAQ
017510,세명전기,KOSDAQ
052260,현대바이오랜드,KOSDAQ
054050,농우바이오,KOSDAQ
086710,선진뷰티사이언스,KOSDAQ
005860,한일사료,KOSDAQ
006620,동구바이오제약,KOSDAQ
067990,도이치모터스,KOSDAQ
078350,한양디지텍,KOSDAQ
066410,버킷스튜디오,KOSDAQ
049950,미래컴퍼니,KOSDAQ
140670,알에스오토메이션,KOSDAQ
235980,메드팩토,KOSDAQ
163280,에어레인,KOSDAQ
418420,라온텍,KOSDAQ
009780,엠에스씨,KOSDAQ
226400,오스테오닉,KOSDAQ
451760,컨텍,KOSDAQ
102370,케이옥션,KOSDAQ
131400,이브이첨단소재,KOSDAQ
029480,광무,KOSDAQ
040300,YTN,KOSDAQ
092190,서울바이오시스,KOSDAQ
264850,이랜시스,KOSDAQ
175140,휴먼테크놀로지,KOSDAQ
048530,인트론바이오,KOSDAQ
119830,아이텍,KOSDAQ
418470,KT밀리의서재,KOSDAQ
083790,CG인바이츠,KOSDAQ
023440,제이스코홀딩스,KOSDAQ
290670,대보마그네틱,KOSDAQ
214270,FSN,KOSDAQ
027710,팜스토리,KOSDAQ
204610,티쓰리,KOSDAQ
207760,미스터블루,KOSDAQ
052420,오성첨단소재,KOSDAQ
408920,메쎄이상,KOSDAQ
092870,엑시콘,KOSDAQ
095190,이엠코리아,KOSDAQ
067000,조이시티,KOSDAQ
191420,테고사이언스,KOSDAQ
402490,그린리소스,KOSDAQ
396470,워트,KOSDAQ
443250,레뷰코퍼레이션,KOSDAQ
214260,라파스,KOSDAQ
147830,제룡산업,KOSDAQ
048550,SM C&C,KOSDAQ
214680,디알텍,KOSDAQ
039340,한국경제TV,KOSDAQ
376270,에이치이엠파마,KOSDAQ
160980,싸이맥스,KOSDAQ
419050,삼기에너지솔루션즈,KOSDAQ
474170,루미르,KOSDAQ
424960,스마트레이더시스템,KOSDAQ
080580,오킨스전자,KOSDAQ
106190,하이텍팜,KOSDAQ
072870,메가스터디,KOSDAQ
950190,고스트스튜디오,KOSDAQ
030960,양지사,KOSDAQ
389500,에스비비테크,KOSDAQ
411080,샌즈랩,KOSDAQ
225530,HC보광산업,KOSDAQ
064800,포니링크,KOSDAQ
146320,비씨엔씨,KOSDAQ
058630,엠게임,KOSDAQ
048910,대원미디어,KOSDAQ
393970,대진첨단소재,KOSDAQ
269620,시스웍,KOSDAQ
101670,하이드로리튬,KOSDAQ
264450,유비쿼스,KOSDAQ
315640,딥노이드,KOSDAQ
026150,특수건설,KOSDAQ
003100,선광,KOSDAQ
311690,CJ 바이오사이언스,KOSDAQ
014970,삼륭물산,KOSDAQ
054920,한컴위드,KOSDAQ
226590,엠디바이스,KOSDAQ
293580,나우IB,KOSDAQ
039560,다산네트웍스,KOSDAQ
163730,핑거,KOSDAQ
011560,세보엠이씨,KOSDAQ
018120,진로발효,KOSDAQ
149950,아바텍,KOSDAQ
033290,코웰패션,KOSDAQ
124560,태웅로직스,KOSDAQ
456070,이엔셀,KOSDAQ
045970,코아시아,KOSDAQ
019550,SBI인베스트먼트,KOSDAQ
091580,상신이디피,KOSDAQ
474650,링크솔루션,KOSDAQ
010170,대한광통신,KOSDAQ
083500,에프엔에스테크,KOSDAQ
067900,와이엔텍,KOSDAQ
086960,MDS테크,KOSDAQ
452280,한선엔지니어링,KOSDAQ
037070,파세코,KOSDAQ
317870,엔바이오니아,KOSDAQ
241770,메카로,KOSDAQ
064290,인텍플러스,KOSDAQ
950220,네오이뮨텍,KOSDAQ
047820,초록뱀미디어,KOSDAQ
049960,쎌바이오텍,KOSDAQ
123420,위메이드플레이,KOSDAQ
043610,KT지니뮤직,KOSDAQ
099750,이지케어텍,KOSDAQ
370090,퓨런티어,KOSDAQ
264660,씨앤지하이테크,KOSDAQ
321550,티움바이오,KOSDAQ
100700,세운메디칼,KOSDAQ
042510,라온시큐어,KOSDAQ
489500,엘케이켐,KOSDAQ
151910,퓨처코어,KOSDAQ
317770,엑스페릭스,KOSDAQ
085670,뉴프렉스,KOSDAQ
049470,SGA,KOSDAQ
054800,아이디스홀딩스,KOSDAQ
199430,케이엔알시스템,KOSDAQ
044990,에이치엔에스하이텍,KOSDAQ
142210,유니트론텍,KOSDAQ
042520,한스바이오메드,KOSDAQ
282720,금양그린파워,KOSDAQ
463480,모티브링크,KOSDAQ
023900,풍국주정,KOSDAQ
299660,셀리드,KOSDAQ
435570,에르코스,KOSDAQ
021080,에이티넘인베스트,KOSDAQ
200470,에이팩트,KOSDAQ
044340,위닉스,KOSDAQ
054300,팬스타엔터프라이즈,KOSDAQ
253840,수젠텍,KOSDAQ
041590,플래스크,KOSDAQ
170920,엘티씨,KOSDAQ
066590,우수AMS,KOSDAQ
125210,아모그린텍,KOSDAQ
039860,나노엔텍,KOSDAQ
093190,빅솔론,KOSDAQ
032940,원익,KOSDAQ
009300,삼아제약,KOSDAQ
065450,빅텍,KOSDAQ
219130,타이거일렉,KOSDAQ
083660,CSA 코스믹,KOSDAQ
027050,코리아나,KOSDAQ
220260,켐트로스,KOSDAQ
064090,인크레더블버즈,KOSDAQ
228670,레이,KOSDAQ
278650,HLB바이오스텝,KOSDAQ
382150,온코크로스,KOSDAQ
136410,아셈스,KOSDAQ
012700,리드코프,KOSDAQ
451250,삐아,KOSDAQ
035610,솔본,KOSDAQ
082850,우리바이오,KOSDAQ
042600,새로닉스,KOSDAQ
021320,KCC건설,KOSDAQ
309960,LB인베스트먼트,KOSDAQ
289930,웨이비스,KOSDAQ
066700,테라젠이텍스,KOSDAQ
180400,DXVX,KOSDAQ
448710,코츠테크놀로지,KOSDAQ
452190,한빛레이저,KOSDAQ
038540,상상인,KOSDAQ
045660,에이텍,KOSDAQ
259630,엠플러스,KOSDAQ
900250,크리스탈신소재,KOSDAQ
382800,지앤비에스 에코,KOSDAQ
033230,인성정보,KOSDAQ
131030,옵투스제약,KOSDAQ
452400,이닉스,KOSDAQ
049520,유아이엘,KOSDAQ
039020,이건홀딩스,KOSDAQ
461030,아이엠비디엑스,KOSDAQ
277880,티에스아이,KOSDAQ
019010,베뉴지,KOSDAQ
445180,퓨릿,KOSDAQ
110790,크리스에프앤씨,KOSDAQ
065510,휴비츠,KOSDAQ
260930,씨티케이,KOSDAQ
255440,야스,KOSDAQ
302550,리메드,KOSDAQ
417500,제이아이테크,KOSDAQ
046120,오르비텍,KOSDAQ
322180,LS티라유텍,KOSDAQ
039610,화성밸브,KOSDAQ
013310,아진산업,KOSDAQ
347860,알체라,KOSDAQ
228850,레이언스,KOSDAQ
053280,예스24,KOSDAQ
115500,케이씨에스,KOSDAQ
208370,셀바스헬스케어,KOSDAQ
417010,나노팀,KOSDAQ
234300,에스트래픽,KOSDAQ
056090,시지메드텍,KOSDAQ
049430,코메론,KOSDAQ
088390,이녹스,KOSDAQ
352090,스톰테크,KOSDAQ
093920,서원인텍,KOSDAQ
073560,우리손에프앤지,KOSDAQ
407400,꿈비,KOSDAQ
012860,모베이스전자,KOSDAQ
273640,와이엠텍,KOSDAQ
041920,메디아나,KOSDAQ
019590,에스유앤피,KOSDAQ
307930,컴퍼니케이,KOSDAQ
262260,에이프로,KOSDAQ
036630,세종텔레콤,KOSDAQ
024800,유성티엔에스,KOSDAQ
138080,오이솔루션,KOSDAQ
141000,비아트론,KOSDAQ
357230,에이치피오,KOSDAQ
094850,참좋은여행,KOSDAQ
054670,대한뉴팜,KOSDAQ
033320,제이씨현시스템,KOSDAQ
216050,인크로스,KOSDAQ
168330,내츄럴엔도텍,KOSDAQ
001540,안국약품,KOSDAQ
417790,트루엔,KOSDAQ
393210,토마토시스템,KOSDAQ
126880,제이엔케이글로벌,KOSDAQ
348350,위드텍,KOSDAQ
413640,비아이매트릭스,KOSDAQ
126730,코칩,KOSDAQ
104620,노랑풍선,KOSDAQ
024880,케이피에프,KOSDAQ
060310,3S,KOSDAQ
061250,화일약품,KOSDAQ
040420,정상제이엘에스,KOSDAQ
065500,오리엔트정공,KOSDAQ
265740,엔에프씨,KOSDAQ
053700,삼보모터스,KOSDAQ
348150,고바이오랩,KOSDAQ
475430,키스트론,KOSDAQ
478560,블랙야크아이앤씨,KOSDAQ
067570,엔브이에이치코리아,KOSDAQ
215100,로보로보,KOSDAQ
476080,M83,KOSDAQ
111710,남화산업,KOSDAQ
120240,대정화금,KOSDAQ
048430,유라테크,KOSDAQ
261200,덴티스,KOSDAQ
027830,대성창투,KOSDAQ
321820,아티스트컴퍼니,KOSDAQ
330350,위더스제약,KOSDAQ
086670,비엠티,KOSDAQ
381620,제닉스로보틱스,KOSDAQ
041930,동아화성,KOSDAQ
347890,엠투아이,KOSDAQ
058400,KNN,KOSDAQ
060560,HC홈센타,KOSDAQ
396300,세아메카닉스,KOSDAQ
084730,팅크웨어,KOSDAQ
038880,아이에이,KOSDAQ
212710,아이에스티이,KOSDAQ
200350,아티스트스튜디오,KOSDAQ
388610,지에프씨생명과학,KOSDAQ
066790,씨씨에스,KOSDAQ
074430,아미노로직스,KOSDAQ
215090,솔디펜스,KOSDAQ
004650,창해에탄올,KOSDAQ
041520,이엘씨,KOSDAQ
241840,에이스토리,KOSDAQ
226330,신테카바이오,KOSDAQ
432470,케이엔에스,KOSDAQ
453860,에이에스텍,KOSDAQ
072020,중앙백신,KOSDAQ
014470,부방,KOSDAQ
209640,와이제이링크,KOSDAQ
366030,공구우먼,KOSDAQ
170030,현대공업,KOSDAQ
159580,제로투세븐,KOSDAQ
225190,LK삼양,KOSDAQ
040350,크레오에스지,KOSDAQ
149980,하이로닉,KOSDAQ
000440,중앙에너비스,KOSDAQ
234100,폴라리스세원,KOSDAQ
206400,베노티앤알,KOSDAQ
204840,지엘팜텍,KOSDAQ
054620,APS,KOSDAQ
306620,네온테크,KOSDAQ
006140,피제이전자,KOSDAQ
043710,서울리거,KOSDAQ
064850,에프앤가이드,KOSDAQ
294140,레몬,KOSDAQ
479960,위너스,KOSDAQ
384470,코어라인소프트,KOSDAQ
041910,폴라리스AI파마,KOSDAQ
162300,신스틸,KOSDAQ
232680,라온테크,KOSDAQ
289080,SV인베스트먼트,KOSDAQ
014200,광림,KOSDAQ
134580,탑코미디어,KOSDAQ
446540,메가터치,KOSDAQ
084180,수성웹툰,KOSDAQ
339950,아이비김영,KOSDAQ
007720,소노스퀘어,KOSDAQ
187420,HLB제넥스,KOSDAQ
223310,딥마인드,KOSDAQ
347740,피엔케이피부임상연구센타,KOSDAQ
140070,서플러스글로벌,KOSDAQ
057680,티사이언티픽,KOSDAQ
011370,서한,KOSDAQ
089850,유비벨록스,KOSDAQ
024830,세원물산,KOSDAQ
373160,데이원컴퍼니,KOSDAQ
459100,위츠,KOSDAQ
227950,엔투텍,KOSDAQ
053450,세코닉스,KOSDAQ
246960,SCL사이언스,KOSDAQ
432430,와이랩,KOSDAQ
166480,코아스템켐온,KOSDAQ
036640,HRS,KOSDAQ
263700,케어랩스,KOSDAQ
208140,정다운,KOSDAQ
340360,다보링크,KOSDAQ
199550,레이저옵텍,KOSDAQ
183490,엔지켐생명과학,KOSDAQ
145170,노브랜드,KOSDAQ
002230,피에스텍,KOSDAQ
413390,엠오티,KOSDAQ
142280,녹십자엠에스,KOSDAQ
067370,선바이오,KOSDAQ
032850,비트컴퓨터,KOSDAQ
036000,예림당,KOSDAQ
137950,제이씨케미칼,KOSDAQ
002800,신신제약,KOSDAQ
025550,한국선재,KOSDAQ
046210,HLB파나진,KOSDAQ
004590,한국가구,KOSDAQ
078860,엔에스이엔엠,KOSDAQ
038460,바이오스마트,KOSDAQ
185490,아이진,KOSDAQ
222110,팬젠,KOSDAQ
099220,SDN,KOSDAQ
265560,영화테크,KOSDAQ
039240,경남스틸,KOSDAQ
263800,데이타솔루션,KOSDAQ
036090,위지트,KOSDAQ
300120,라온피플,KOSDAQ
053050,지에스이,KOSDAQ
043910,자연과환경,KOSDAQ
417840,저스템,KOSDAQ
067290,JW신약,KOSDAQ
382480,지아이텍,KOSDAQ
105740,디케이락,KOSDAQ
222040,코스맥스엔비티,KOSDAQ
396270,넥스트칩,KOSDAQ
460940,피앤에스로보틱스,KOSDAQ
032540,TJ미디어,KOSDAQ
081150,티플랙스,KOSDAQ
054780,키이스트,KOSDAQ
042940,상지건설,KOSDAQ
223250,드림씨아이에스,KOSDAQ
317690,퀀타매트릭스,KOSDAQ
036120,서울평가정보,KOSDAQ
173130,오파스넷,KOSDAQ
042500,링네트,KOSDAQ
043650,국순당,KOSDAQ
311320,지오엘리먼트,KOSDAQ
314130,지놈앤컴퍼니,KOSDAQ
333620,엔시스,KOSDAQ
330730,스톤브릿지벤처스,KOSDAQ
130580,나이스디앤비,KOSDAQ
036010,아비코전자,KOSDAQ
198440,강동씨앤엘,KOSDAQ
355150,코스텍시스,KOSDAQ
171120,라이온켐텍,KOSDAQ
452200,민테크,KOSDAQ
380540,옵티코어,KOSDAQ
036710,심텍홀딩스,KOSDAQ
054540,삼영엠텍,KOSDAQ
187870,디바이스,KOSDAQ
222810,세토피아,KOSDAQ
109960,AP헬스케어,KOSDAQ
080530,코디,KOSDAQ
175250,아이큐어,KOSDAQ
049630,재영솔루텍,KOSDAQ
053260,금강철강,KOSDAQ
246720,아스타,KOSDAQ
081180,쎄크,KOSDAQ
047770,코데즈컴바인,KOSDAQ
026040,제이에스티나,KOSDAQ
072990,에이치시티,KOSDAQ
412540,제일엠앤에스,KOSDAQ
041460,한국전자인증,KOSDAQ
215360,우리산업,KOSDAQ
403490,우듬지팜,KOSDAQ
250060,모비스,KOSDAQ
033310,엠투엔,KOSDAQ
122310,제노레이,KOSDAQ
049480,오픈베이스,KOSDAQ
036670,삼양케이씨아이,KOSDAQ
251630,브이원텍,KOSDAQ
007370,진양제약,KOSDAQ
038680,에스넷,KOSDAQ
347000,센코,KOSDAQ
451220,아이엠티,KOSDAQ
263600,덕우전자,KOSDAQ
378800,샤페론,KOSDAQ
192250,케이사인,KOSDAQ
442900,미래에셋드림스팩1호,KOSDAQ
054040,한국컴퓨터,KOSDAQ
096350,대창솔루션,KOSDAQ
365590,하이딥,KOSDAQ
222160,NPX,KOSDAQ
302430,이노메트리,KOSDAQ
357880,SKAI,KOSDAQ
448900,한국피아이엠,KOSDAQ
007820,에스엠코어,KOSDAQ
019990,에너토크,KOSDAQ
012790,신일제약,KOSDAQ
351870,차이커뮤니케이션,KOSDAQ
020710,시공테크,KOSDAQ
052220,iMBC,KOSDAQ
234920,자이글,KOSDAQ
064240,홈캐스트,KOSDAQ
101330,모베이스,KOSDAQ
088340,유라클,KOSDAQ
219750,한국비티비,KOSDAQ
357580,아모센스,KOSDAQ
241690,유니테크노,KOSDAQ
016250,SGC E&C,KOSDAQ
261780,차백신연구소,KOSDAQ
203690,아크솔루션스,KOSDAQ
311390,네오크레마,KOSDAQ
104540,코렌텍,KOSDAQ
288620,에스퓨얼셀,KOSDAQ
061040,알에프텍,KOSDAQ
388870,파로스아이바이오,KOSDAQ
153710,옵티팜,KOSDAQ
217730,강스템바이오텍,KOSDAQ
094840,슈프리마에이치큐,KOSDAQ
043260,성호전자,KOSDAQ
128660,피제이메탈,KOSDAQ
011320,유니크,KOSDAQ
320000,한울반도체,KOSDAQ
105330,케이엔더블유,KOSDAQ
452160,제이엔비,KOSDAQ
068330,일신바이오,KOSDAQ
050960,수산아이앤티,KOSDAQ
066310,큐에스아이,KOSDAQ
109860,동일금속,KOSDAQ
054930,유신,KOSDAQ
388790,라이콤,KOSDAQ
155650,와이엠씨,KOSDAQ
218150,미래생명자원,KOSDAQ
303810,동국생명과학,KOSDAQ
160550,NEW,KOSDAQ
010470,오리콤,KOSDAQ
417860,오브젠,KOSDAQ
307180,아이엘,KOSDAQ
317830,에스피시스템스,KOSDAQ
052790,액토즈소프트,KOSDAQ
950200,소마젠,KOSDAQ
069920,엑시온그룹,KOSDAQ
457370,한켐,KOSDAQ
037950,엘컴텍,KOSDAQ
037350,성도이엔지,KOSDAQ
241790,티이엠씨씨엔에스,KOSDAQ
277070,린드먼아시아,KOSDAQ
063440,SM Life Design,KOSDAQ
307870,비투엔,KOSDAQ
246710,티앤알바이오팹,KOSDAQ
039420,케이엘넷,KOSDAQ
290660,네오펙트,KOSDAQ
189980,흥국에프엔비,KOSDAQ
444530,심플랫폼,KOSDAQ
172670,에이엘티,KOSDAQ
352700,씨앤투스,KOSDAQ
017480,삼현철강,KOSDAQ
103840,우양,KOSDAQ
376930,노을,KOSDAQ
186230,그린플러스,KOSDAQ
015710,코콤,KOSDAQ
308080,바이젠셀,KOSDAQ
369370,블리츠웨이엔터테인먼트,KOSDAQ
196300,HLB펩,KOSDAQ
466410,사이냅소프트,KOSDAQ
033830,티비씨,KOSDAQ
101170,우림피티에스,KOSDAQ
024740,한일단조,KOSDAQ
115440,우리넷,KOSDAQ
090410,덕신이피씨,KOSDAQ
127980,화인써키트,KOSDAQ
199480,뱅크웨어글로벌,KOSDAQ
294630,서남,KOSDAQ
094940,푸른기술,KOSDAQ
044060,조광ILI,KOSDAQ
177900,쓰리에이로직스,KOSDAQ
050110,캠시스,KOSDAQ
291230,엔피,KOSDAQ
417970,모델솔루션,KOSDAQ
040910,아이씨디,KOSDAQ
073640,테라사이언스,KOSDAQ
053980,오상자이엘,KOSDAQ
095270,웨이브일렉트로,KOSDAQ
373200,엑스플러스,KOSDAQ
204020,그리티,KOSDAQ
142760,모아라이프플러스,KOSDAQ
260660,알리코제약,KOSDAQ
195990,에이비프로바이오,KOSDAQ
065530,와이어블,KOSDAQ
462510,라메디텍,KOSDAQ
021880,메이슨캐피탈,KOSDAQ
087260,모바일어플라이언스,KOSDAQ
256630,포인트엔지니어링,KOSDAQ
419080,엔젯,KOSDAQ
013720,THE CUBE&,KOSDAQ
037440,희림,KOSDAQ
187660,현대ADM,KOSDAQ
066980,한성크린텍,KOSDAQ
462310,뉴키즈온,KOSDAQ
226360,KH 건설,KOSDAQ
042110,에스씨디,KOSDAQ
263050,유틸렉스,KOSDAQ
090470,제이스텍,KOSDAQ
364950,에이아이코리아,KOSDAQ
348080,큐라티스,KOSDAQ
217190,제너셈,KOSDAQ
237820,플레이디,KOSDAQ
212560,네오오토,KOSDAQ
317850,대모,KOSDAQ
471820,셀로맥스사이언스,KOSDAQ
062970,한국첨단소재,KOSDAQ
037030,파워넷,KOSDAQ
024840,KBI메탈,KOSDAQ
188040,바이오포트,KOSDAQ
038070,서린바이오,KOSDAQ
413630,씨피시스템,KOSDAQ
091440,한울소재과학,KOSDAQ
391710,코닉오토메이션,KOSDAQ
010240,흥국,KOSDAQ
148780,비큐AI,KOSDAQ
010280,아이티센엔텍,KOSDAQ
455180,케이지에이,KOSDAQ
301300,바이브컴퍼니,KOSDAQ
071670,에이테크솔루션,KOSDAQ
017650,대림제지,KOSDAQ
105760,포스뱅크,KOSDAQ
037230,한국팩키지,KOSDAQ
250000,보라티알,KOSDAQ
053270,구영테크,KOSDAQ
073570,리튬포어스,KOSDAQ
059120,아진엑스텍,KOSDAQ
318160,셀바이오휴먼텍,KOSDAQ
065130,탑엔지니어링,KOSDAQ
097780,에코볼트,KOSDAQ
355390,크라우드웍스,KOSDAQ
309930,오하임앤컴퍼니,KOSDAQ
318020,포인트모바일,KOSDAQ
332370,아이디피,KOSDAQ
040610,SG&G,KOSDAQ
465480,인스피언,KOSDAQ
217330,싸이토젠,KOSDAQ
049550,잉크테크,KOSDAQ
059270,해성에어로보틱스,KOSDAQ
129920,대성하이텍,KOSDAQ
290090,트윔,KOSDAQ
239610,에이치엘사이언스,KOSDAQ
111870,KH 미래물산,KOSDAQ
263690,디알젬,KOSDAQ
475460,미트박스,KOSDAQ
066130,하츠,KOSDAQ
089150,케이씨티,KOSDAQ
072470,우리산업홀딩스,KOSDAQ
064480,브리지텍,KOSDAQ
003310,대주산업,KOSDAQ
039010,현대에이치티,KOSDAQ
239340,이스트에이드,KOSDAQ
100030,인지소프트,KOSDAQ
340930,유일에너테크,KOSDAQ
224110,에이텍모빌리티,KOSDAQ
067920,이글루,KOSDAQ
189690,포시에스,KOSDAQ
200230,텔콘RF제약,KOSDAQ
361570,알비더블유,KOSDAQ
464280,티디에스팜,KOSDAQ
007680,대원,KOSDAQ
078890,가온그룹,KOSDAQ
376180,피코그램,KOSDAQ
171010,램테크놀러지,KOSDAQ
005670,푸드웰,KOSDAQ
097870,효성오앤비,KOSDAQ
051490,나라엠앤디,KOSDAQ
045340,토탈소프트,KOSDAQ
450330,하스,KOSDAQ
066910,손오공,KOSDAQ
004780,대륙제관,KOSDAQ
052670,제일바이오,KOSDAQ
066430,아이로보틱스,KOSDAQ
365270,큐라클,KOSDAQ
068050,팬엔터테인먼트,KOSDAQ
036170,에이치엠넥스,KOSDAQ
096630,에스코넥,KOSDAQ
246690,TS인베스트먼트,KOSDAQ
007530,와이엠,KOSDAQ
208640,썸에이지,KOSDAQ
082210,옵트론텍,KOSDAQ
038010,제일테크노스,KOSDAQ
065950,웰크론,KOSDAQ
066670,디티씨,KOSDAQ
024910,경창산업,KOSDAQ
440290,HB인베스트먼트,KOSDAQ
027580,상보,KOSDAQ
087600,픽셀플러스,KOSDAQ
148250,알엔투테크놀로지,KOSDAQ
359090,씨엔알리서치,KOSDAQ
474610,RF시스템즈,KOSDAQ
336060,웨이버스,KOSDAQ
420570,제이투케이바이오,KOSDAQ
900340,윙입푸드,KOSDAQ
219420,링크제니시스,KOSDAQ
009730,이렘,KOSDAQ
236810,엔비티,KOSDAQ
080010,이상네트웍스,KOSDAQ
099520,DGI,KOSDAQ
056730,CNT85,KOSDAQ
037760,쎄니트,KOSDAQ
376290,씨유테크,KOSDAQ
033130,디지틀조선,KOSDAQ
053620,태양,KOSDAQ
073110,엘엠에스,KOSDAQ
450520,인스웨이브,KOSDAQ
037330,인지디스플레,KOSDAQ
323350,다원넥스뷰,KOSDAQ
245620,EDGC,KOSDAQ
377460,위니아에이드,KOSDAQ
327260,RF머트리얼즈,KOSDAQ
173940,에프엔씨엔터,KOSDAQ
019540,일지테크,KOSDAQ
208860,엔지스테크널러지,KOSDAQ
290380,대유,KOSDAQ
389030,지니너스,KOSDAQ
088130,동아엘텍,KOSDAQ
122350,삼기,KOSDAQ
024950,삼천리자전거,KOSDAQ
046970,우리로,KOSDAQ
352910,오비고,KOSDAQ
057030,YBM넷,KOSDAQ
430690,한싹,KOSDAQ
101000,KS인더스트리,KOSDAQ
351330,이삭엔지니어링,KOSDAQ
271830,팸텍,KOSDAQ
279600,미디어젠,KOSDAQ
046940,우원개발,KOSDAQ
065650,하이퍼코퍼레이션,KOSDAQ
056700,신화인터텍,KOSDAQ
900100,애머릿지,KOSDAQ
331380,포커스에이아이,KOSDAQ
290720,푸드나무,KOSDAQ
008370,원풍,KOSDAQ
321260,프로이천,KOSDAQ
109080,옵티시스,KOSDAQ
239890,피엔에이치테크,KOSDAQ
187790,나노,KOSDAQ
069410,엔텔스,KOSDAQ
322780,코퍼스코리아,KOSDAQ
065370,위세아이텍,KOSDAQ
150900,파수,KOSDAQ
033170,시그네틱스,KOSDAQ
046390,삼화네트웍스,KOSDAQ
217480,에스디생명공학,KOSDAQ
290740,액트로,KOSDAQ
044960,이글벳,KOSDAQ
088910,동우팜투테이블,KOSDAQ
377220,프롬바이오,KOSDAQ
038870,에코바이오,KOSDAQ
299170,더블유에스아이,KOSDAQ
053160,프리엠스,KOSDAQ
057540,옴니시스템,KOSDAQ
321370,센서뷰,KOSDAQ
270870,뉴트리,KOSDAQ
049830,승일,KOSDAQ
198080,캐프,KOSDAQ
263770,유에스티,KOSDAQ
036180,지더블유바이텍,KOSDAQ
363260,모비데이즈,KOSDAQ
170790,파이오링크,KOSDAQ
097800,윈팩,KOSDAQ
217500,러셀,KOSDAQ
033540,파라텍,KOSDAQ
184230,SGA솔루션즈,KOSDAQ
304840,피플바이오,KOSDAQ
056360,코위버,KOSDAQ
039290,인포뱅크,KOSDAQ
014190,원익큐브,KOSDAQ
123570,이엠넷,KOSDAQ
109820,진매트릭스,KOSDAQ
099410,동방선기,KOSDAQ
440320,오픈놀,KOSDAQ
273060,와이즈버즈,KOSDAQ
104040,대성파인텍,KOSDAQ
052900,KX하이텍,KOSDAQ
040160,누리플렉스,KOSDAQ
033560,블루콤,KOSDAQ
052770,아이톡시,KOSDAQ
294090,이오플로우,KOSDAQ
263920,휴엠앤씨,KOSDAQ
900110,이스트아시아홀딩스,KOSDAQ
242040,나무기술,KOSDAQ
418620,E8,KOSDAQ
131100,티엔엔터테인먼트,KOSDAQ
419120,산돌,KOSDAQ
238120,얼라인드,KOSDAQ
052600,한네트,KOSDAQ
092300,현우산업,KOSDAQ
014570,고려제약,KOSDAQ
360350,코셈,KOSDAQ
096610,알에프세미,KOSDAQ
318410,비비씨,KOSDAQ
220180,핸디소프트,KOSDAQ
037370,EG,KOSDAQ
434480,모니터랩,KOSDAQ
016100,리더스코스메틱,KOSDAQ
277410,인산가,KOSDAQ
460470,아이빔테크놀로지,KOSDAQ
032860,더라미,KOSDAQ
314140,알피바이오,KOSDAQ
153460,네이블,KOSDAQ
219550,디와이디,KOSDAQ
303360,프로티아,KOSDAQ
066900,디에이피,KOSDAQ
438700,버넥트,KOSDAQ
060850,영림원소프트랩,KOSDAQ
091590,남화토건,KOSDAQ
340440,세림B&G,KOSDAQ
340810,시선AI,KOSDAQ
464580,닷밀,KOSDAQ
114450,그린생명과학,KOSDAQ
100590,머큐리,KOSDAQ
016600,큐캐피탈,KOSDAQ
256150,한독크린텍,KOSDAQ
128540,에코캡,KOSDAQ
053950,경남제약,KOSDAQ
424980,마이크로투나노,KOSDAQ
043200,파루,KOSDAQ
046310,백금T&A,KOSDAQ
042040,케이피엠테크,KOSDAQ
064520,테크엘,KOSDAQ
049180,셀루메드,KOSDAQ
099390,브레인즈컴퍼니,KOSDAQ
258610,케일럼,KOSDAQ
043340,에쎈테크,KOSDAQ
317530,캐리소프트,KOSDAQ
069540,빛과전자,KOSDAQ
448740,삼성스팩8호,KOSDAQ
122690,서진오토모티브,KOSDAQ
096690,에이루트,KOSDAQ
050860,아세아텍,KOSDAQ
106080,케이이엠텍,KOSDAQ
263810,상신전자,KOSDAQ
033200,모아텍,KOSDAQ
140520,대창스틸,KOSDAQ
462980,아이지넷,KOSDAQ
052300,오션인더블유,KOSDAQ
262840,아이퀘스트,KOSDAQ
082660,코스나인,KOSDAQ
133750,메가엠디,KOSDAQ
052460,아이크래프트,KOSDAQ
178780,일월지엠엘,KOSDAQ
238090,앤디포스,KOSDAQ
086040,바이오톡스텍,KOSDAQ
303530,이노뎁,KOSDAQ
900310,컬러레이,KOSDAQ
065440,이루온,KOSDAQ
049120,파인디앤씨,KOSDAQ
159010,아스플로,KOSDAQ
075130,플랜티넷,KOSDAQ
117670,알파칩스,KOSDAQ
032790,엠젠솔루션,KOSDAQ
452300,캡스톤파트너스,KOSDAQ
019770,서연탑메탈,KOSDAQ
354200,엔젠바이오,KOSDAQ
101240,씨큐브,KOSDAQ
195500,마니커에프앤지,KOSDAQ
179530,애드바이오텍,KOSDAQ
032960,동일기연,KOSDAQ
006050,국영지앤엠,KOSDAQ
368600,아이씨에이치,KOSDAQ
038620,위즈코프,KOSDAQ
126640,화신정공,KOSDAQ
085910,네오티스,KOSDAQ
318000,KBG,KOSDAQ
190650,코리아에셋투자증권,KOSDAQ
024940,PN풍년,KOSDAQ
036690,코맥스,KOSDAQ
221980,케이디켐,KOSDAQ
464500,아이언디바이스,KOSDAQ
114630,폴라리스우노,KOSDAQ
203450,유니온바이오메트릭스,KOSDAQ
025880,케이씨피드,KOSDAQ
418250,시큐레터,KOSDAQ
100660,서암기계공업,KOSDAQ
254120,자비스,KOSDAQ
140430,카티스,KOSDAQ
129890,앱코,KOSDAQ
002290,삼일기업공사,KOSDAQ
013810,스페코,KOSDAQ
001000,신라섬유,KOSDAQ
022220,티케이지애강,KOSDAQ
075970,동국알앤에스,KOSDAQ
406820,뷰티스킨,KOSDAQ
115160,휴맥스,KOSDAQ
387570,파인메딕스,KOSDAQ
457600,벡트,KOSDAQ
417180,핑거스토리,KOSDAQ
109670,씨싸이트,KOSDAQ
900270,헝셩그룹,KOSDAQ
051390,YW,KOSDAQ
351320,넥사다이내믹스,KOSDAQ
089790,제이티,KOSDAQ
045060,오공,KOSDAQ
123840,뉴온,KOSDAQ
018700,바른손,KOSDAQ
104200,NHN벅스,KOSDAQ
274400,이노시뮬레이션,KOSDAQ
306040,에스제이그룹,KOSDAQ
376980,원티드랩,KOSDAQ
071850,캐스텍코리아,KOSDAQ
263020,디케이앤디,KOSDAQ
024120,KB오토시스,KOSDAQ
222980,한국맥널티,KOSDAQ
200780,비씨월드제약,KOSDAQ
081580,성우전자,KOSDAQ
094970,제이엠티,KOSDAQ
031310,아이즈비전,KOSDAQ
288980,모아데이타,KOSDAQ
221840,하이즈항공,KOSDAQ
088290,이원컴포텍,KOSDAQ
257370,피엔티엠에스,KOSDAQ
332290,누보,KOSDAQ
353590,오토앤,KOSDAQ
138070,신진에스엠,KOSDAQ
373170,엠아이큐브솔루션,KOSDAQ
225220,제놀루션,KOSDAQ
290120,DH오토리드,KOSDAQ
238490,힘스,KOSDAQ
038060,루멘스,KOSDAQ
053290,NE능률,KOSDAQ
227610,아우딘퓨쳐스,KOSDAQ
348030,모비릭스,KOSDAQ
308100,형지글로벌,KOSDAQ
138360,협진,KOSDAQ
049080,기가레인,KOSDAQ
072950,빛샘전자,KOSDAQ
347770,핌스,KOSDAQ
025440,DH오토웨어,KOSDAQ
083550,케이엠,KOSDAQ
088280,쏘닉스,KOSDAQ
020180,대신정보통신,KOSDAQ
032750,삼진,KOSDAQ
021650,한국큐빅,KOSDAQ
383930,디티앤씨알오,KOSDAQ
286750,나노실리칸첨단소재,KOSDAQ
130500,GH신소재,KOSDAQ
177830,파버나인,KOSDAQ
072770,율호,KOSDAQ
189330,씨이랩,KOSDAQ
228340,동양파일,KOSDAQ
372800,아이티아이즈,KOSDAQ
363250,진시스템,KOSDAQ
307280,원바이오젠,KOSDAQ
169330,엠브레인,KOSDAQ
362990,드림인사이트,KOSDAQ
011080,형지I&C,KOSDAQ
475660,에스켐,KOSDAQ
018680,서울제약,KOSDAQ
137080,나래나노텍,KOSDAQ
043100,알파녹스,KOSDAQ
079000,와토스코리아,KOSDAQ
148930,에이치와이티씨,KOSDAQ
356890,싸이버원,KOSDAQ
452980,신한제11호스팩,KOSDAQ
127710,아시아경제,KOSDAQ
032580,피델릭스,KOSDAQ
355690,에이텀,KOSDAQ
222420,쎄노텍,KOSDAQ
066360,체리부로,KOSDAQ
019660,글로본,KOSDAQ
367000,플래티어,KOSDAQ
285800,진영,KOSDAQ
079170,한창산업,KOSDAQ
048470,대동스틸,KOSDAQ
038950,파인디지털,KOSDAQ
052860,아이앤씨,KOSDAQ
080520,오디텍,KOSDAQ
086060,진바이오텍,KOSDAQ
226340,본느,KOSDAQ
900260,로스웰,KOSDAQ
303030,지니틱스,KOSDAQ
431190,케이쓰리아이,KOSDAQ
095910,에스에너지,KOSDAQ
313760,캐리,KOSDAQ
131220,대한과학,KOSDAQ
373110,엑셀세라퓨틱스,KOSDAQ
328380,솔트웨어,KOSDAQ
076080,웰크론한텍,KOSDAQ
119500,포메탈,KOSDAQ
035620,바른손이앤에이,KOSDAQ
415380,스튜디오삼익,KOSDAQ
115480,씨유메디칼,KOSDAQ
196490,디에이테크놀로지,KOSDAQ
377330,이지트로닉스,KOSDAQ
059100,아이컴포넌트,KOSDAQ
900300,오가닉티코스메틱,KOSDAQ
187270,신화콘텍,KOSDAQ
001840,이화공영,KOSDAQ
153490,우리이앤엘,KOSDAQ
189860,서전기전,KOSDAQ
252500,세화피앤씨,KOSDAQ
068940,셀피글로벌,KOSDAQ
290270,휴네시온,KOSDAQ
006920,모헨즈,KOSDAQ
139670,키네마스터,KOSDAQ
001810,무림SP,KOSDAQ
405920,나라셀라,KOSDAQ
032680,소프트센,KOSDAQ
318010,팜스빌,KOSDAQ
335810,프리시젼바이오,KOSDAQ
060540,에스에이티,KOSDAQ
398120,에스지헬스케어,KOSDAQ
221800,유투바이오,KOSDAQ
079650,서산,KOSDAQ
333050,모코엠시스,KOSDAQ
047080,한빛소프트,KOSDAQ
035200,프럼파스트,KOSDAQ
432980,엠에프씨,KOSDAQ
131760,파인텍,KOSDAQ
296640,이노룰스,KOSDAQ
012620,원일특강,KOSDAQ
298060,에스씨엠생명과학,KOSDAQ
067010,이씨에스,KOSDAQ
016920,카스,KOSDAQ
058110,멕아이씨에스,KOSDAQ
051380,피씨디렉트,KOSDAQ
210120,캔버스엔,KOSDAQ
469750,아이비젼웍스,KOSDAQ
089140,넥스턴바이오,KOSDAQ
240600,유진테크놀로지,KOSDAQ
038530,케이바이오,KOSDAQ
159910,에코글로우,KOSDAQ
034940,조아제약,KOSDAQ
131090,시큐브,KOSDAQ
276730,한울앤제주,KOSDAQ
007770,한일화학,KOSDAQ
060230,소니드,KOSDAQ
284620,카이노스메드,KOSDAQ
419540,비스토스,KOSDAQ
146060,율촌,KOSDAQ
310870,디와이씨,KOSDAQ
123010,아이윈플러스,KOSDAQ
137940,넥스트아이,KOSDAQ
405000,플라즈맵,KOSDAQ
008470,부스타,KOSDAQ
187220,디티앤씨,KOSDAQ
068100,케이웨더,KOSDAQ
080470,성창오토텍,KOSDAQ
267790,배럴,KOSDAQ
115530,씨엔플러스,KOSDAQ
045300,성우테크론,KOSDAQ
291650,압타머사이언스,KOSDAQ
050120,ES큐브,KOSDAQ
067170,오텍,KOSDAQ
090150,아이윈,KOSDAQ
193250,링크드,KOSDAQ
113810,디젠스,KOSDAQ
023770,플레이위드,KOSDAQ
331520,밸로프,KOSDAQ
192390,윈하이텍,KOSDAQ
036480,대성미생물,KOSDAQ
110020,전진바이오팜,KOSDAQ
196450,코아시아씨엠,KOSDAQ
017000,신원종합개발,KOSDAQ
016670,디모아,KOSDAQ
091340,S&K폴리텍,KOSDAQ
237750,피앤씨테크,KOSDAQ
085810,알티캐스트,KOSDAQ
045510,정원엔시스,KOSDAQ
246250,에스엘에스바이오,KOSDAQ
335870,윙스풋,KOSDAQ
198940,한주라이트메탈,KOSDAQ
048770,TPC,KOSDAQ
131180,딜리,KOSDAQ
103230,에스앤더블류,KOSDAQ
067730,로지시스,KOSDAQ
214610,더바이오메드,KOSDAQ
037400,우리엔터프라이즈,KOSDAQ
451700,엔에이치스팩29호,KOSDAQ
238200,비피도,KOSDAQ
297570,알로이스,KOSDAQ
089230,THE E&M,KOSDAQ
035460,기산텔레콤,KOSDAQ
023790,동일스틸럭스,KOSDAQ
312610,에이에프더블류,KOSDAQ
412350,레이저쎌,KOSDAQ
093380,풍강,KOSDAQ
033050,제이엠아이,KOSDAQ
039310,세중,KOSDAQ
060900,DGP,KOSDAQ
009620,삼보산업,KOSDAQ
060380,동양에스텍,KOSDAQ
197140,디지캡,KOSDAQ
032080,아즈텍WB,KOSDAQ
031510,오스템,KOSDAQ
429270,시지트로닉스,KOSDAQ
076610,해성옵틱스,KOSDAQ
353190,휴럼,KOSDAQ
018620,우진비앤지,KOSDAQ
154030,아시아종묘,KOSDAQ
208710,포톤,KOSDAQ
143540,영우디에스피,KOSDAQ
121850,코이즈,KOSDAQ
232830,아이티센피엔에스,KOSDAQ
215380,우정바이오,KOSDAQ
291810,핀텔,KOSDAQ
043220,티에스넥스젠,KOSDAQ
021040,대호특수강,KOSDAQ
098660,에스티오,KOSDAQ
012340,뉴인텍,KOSDAQ
045520,크린앤사이언스,KOSDAQ
192410,오늘이엔엠,KOSDAQ
217620,선샤인푸드,KOSDAQ
290520,신도기연,KOSDAQ
229000,젠큐릭스,KOSDAQ
199730,바이오인프라,KOSDAQ
078590,휴림에이텍,KOSDAQ
073190,듀오백,KOSDAQ
050760,에스폴리텍,KOSDAQ
083640,인콘,KOSDAQ
464680,KB제27호스팩,KOSDAQ
070590,한솔인티큐브,KOSDAQ
352940,인바이오,KOSDAQ
317240,TS트릴리온,KOSDAQ
290560,신시웨이,KOSDAQ
289010,아이스크림에듀,KOSDAQ
094860,네오리진,KOSDAQ
365900,브이씨,KOSDAQ
258790,소프트캠프,KOSDAQ
331920,셀레믹스,KOSDAQ
225590,패션플랫폼,KOSDAQ
115570,스타플렉스,KOSDAQ
028080,휴맥스홀딩스,KOSDAQ
032800,판타지오,KOSDAQ
317120,라닉스,KOSDAQ
065420,에스아이리소스,KOSDAQ
147760,피엠티,KOSDAQ
276040,스코넥,KOSDAQ
900070,글로벌에스엠,KOSDAQ
208350,지란지교시큐리티,KOSDAQ
002680,한탑,KOSDAQ
368970,오에스피,KOSDAQ
101400,엔시트론,KOSDAQ
139050,BF랩스,KOSDAQ
361670,삼영에스앤씨,KOSDAQ
014100,메디앙스,KOSDAQ
389680,유디엠텍,KOSDAQ
054940,엑사이엔씨,KOSDAQ
154040,다산솔루에타,KOSDAQ
044780,에이치케이,KOSDAQ
204630,스튜디오산타클로스,KOSDAQ
053060,세동,KOSDAQ
084440,유비온,KOSDAQ
065150,대산F&B,KOSDAQ
054220,비츠로시스,KOSDAQ
025870,신라에스지,KOSDAQ
258830,세종메디칼,KOSDAQ
039740,한국정보공학,KOSDAQ
344860,이노진,KOSDAQ
247660,나노씨엠에스,KOSDAQ
091970,나노캠텍,KOSDAQ
032280,삼일,KOSDAQ
017250,인터엠,KOSDAQ
069140,누리플랜,KOSDAQ
080720,한국유니온제약,KOSDAQ
230980,비유테크놀러지,KOSDAQ
065060,지엔코,KOSDAQ
054090,삼진엘앤디,KOSDAQ
215480,토박스코리아,KOSDAQ
065170,비엘팜텍,KOSDAQ
134060,이퓨쳐,KOSDAQ
073540,에프알텍,KOSDAQ
054410,케이피티유,KOSDAQ
019570,플루토스,KOSDAQ
043360,디지아이,KOSDAQ
060260,뉴보텍,KOSDAQ
130740,티피씨글로벌,KOSDAQ
449020,유안타제13호스팩,KOSDAQ
008290,원풍물산,KOSDAQ
048830,엔피케이,KOSDAQ
070300,엑스큐어,KOSDAQ
067770,세진티에스,KOSDAQ
065770,CS,KOSDAQ
177350,베셀,KOSDAQ
060480,국일신동,KOSDAQ
050090,비케이홀딩스,KOSDAQ
275630,에스에스알,KOSDAQ
083470,이엠앤아이,KOSDAQ
063760,이엘피,KOSDAQ
191410,육일씨엔에쓰,KOSDAQ
196700,웹스,KOSDAQ
020400,대동금속,KOSDAQ
035290,골드앤에스,KOSDAQ
900120,씨엑스아이,KOSDAQ
123750,알톤,KOSDAQ
121890,에스디시스템,KOSDAQ
079190,케스피온,KOSDAQ
466910,엔에이치스팩30호,KOSDAQ
051780,큐로홀딩스,KOSDAQ
215790,이노인스트루먼트,KOSDAQ
188260,세니젠,KOSDAQ
115610,이미지스,KOSDAQ
043590,웰킵스하이텍,KOSDAQ
101680,한국정밀기계,KOSDAQ
106240,파인테크닉스,KOSDAQ
044480,빌리언스,KOSDAQ
241820,피씨엘,KOSDAQ
250930,예선테크,KOSDAQ
225430,케이엠제약,KOSDAQ
454750,하나28호스팩,KOSDAQ
478780,대신밸런스제18호스팩,KOSDAQ
026910,광진실업,KOSDAQ
027040,서울전자통신,KOSDAQ
424760,벨로크,KOSDAQ
096870,엘디티,KOSDAQ
031860,디에이치엑스컴퍼니,KOSDAQ
092600,앤씨앤,KOSDAQ
477380,미래에셋비전스팩4호,KOSDAQ
482680,미래에셋비전스팩7호,KOSDAQ
069330,유아이디,KOSDAQ
106520,노블엠앤비,KOSDAQ
058450,한주에이알티,KOSDAQ
224060,더코디,KOSDAQ
457630,대신밸런스제16호스팩,KOSDAQ
430220,신영스팩8호,KOSDAQ
477340,에이치엠씨제7호스팩,KOSDAQ
065690,파커스,KOSDAQ
469880,하나30호스팩,KOSDAQ
227100,퀀텀온,KOSDAQ
079950,인베니아,KOSDAQ
446190,미래에셋비전스팩2호,KOSDAQ
479880,한국제15호스팩,KOSDAQ
473050,유안타제15호스팩,KOSDAQ
478440,미래에셋비전스팩6호,KOSDAQ
446840,키움제8호스팩,KOSDAQ
352770,셀레스트라,KOSDAQ
489480,키움제11호스팩,KOSDAQ
032980,바이온,KOSDAQ
030350,드래곤플라이,KOSDAQ
044180,KD,KOSDAQ
471050,대신밸런스제17호스팩,KOSDAQ
478390,KB제29호스팩,KOSDAQ
489730,디비금융제13호스팩,KOSDAQ
481890,엔에이치스팩31호,KOSDAQ
054180,메디콕스,KOSDAQ
446750,하나26호스팩,KOSDAQ
054630,에이디칩스,KOSDAQ
492220,KB제31호스팩,KOSDAQ
482520,교보16호스팩,KOSDAQ
065570,삼영이엔씨,KOSDAQ
477760,DB금융스팩12호,KOSDAQ
482690,대신밸런스제19호스팩,KOSDAQ
448370,하나27호스팩,KOSDAQ
174880,장원테크,KOSDAQ
474660,신한제12호스팩,KOSDAQ
477470,미래에셋비전스팩5호,KOSDAQ
487360,신한제14호스팩,KOSDAQ
469900,하나31호스팩,KOSDAQ
496070,신한제16호스팩,KOSDAQ
454640,하나29호스팩,KOSDAQ
474490,유안타제16호스팩,KOSDAQ
446150,유안타제12호스팩,KOSDAQ
486630,KB제30호스팩,KOSDAQ
444920,유안타제11호스팩,KOSDAQ
452670,상상인제4호스팩,KOSDAQ
493790,유안타제17호스팩,KOSDAQ
448830,미래에셋비전스팩3호,KOSDAQ
489210,교보17호스팩,KOSDAQ
450050,하이제8호스팩,KOSDAQ
455310,한화플러스제4호스팩,KOSDAQ
455910,에스케이증권제9호스팩,KOSDAQ
472220,신영스팩10호,KOSDAQ
478110,이베스트스팩6호,KOSDAQ
448760,IBKS제22호스팩,KOSDAQ
498390,한화플러스제5호스팩,KOSDAQ
488060,유진스팩11호,KOSDAQ
442770,IBKS제21호스팩,KOSDAQ
484130,하나34호스팩,KOSDAQ
450940,유안타제14호스팩,KOSDAQ
467930,IBKS제23호스팩,KOSDAQ
464440,한국제13호스팩,KOSDAQ
458610,한국제12호스팩,KOSDAQ
456490,교보14호스팩,KOSDAQ
455250,KB제25호스팩,KOSDAQ
469480,IBKS제24호스팩,KOSDAQ
468760,유진스팩10호,KOSDAQ
244460,올리패스,KOSDAQ
473950,에스케이증권제13호스팩,KOSDAQ
462020,에이치엠씨제6호스팩,KOSDAQ
487720,키움제10호스팩,KOSDAQ
487830,신한제15호스팩,KOSDAQ
473370,비엔케이제2호스팩,KOSDAQ
472230,에스케이증권제11호스팩,KOSDAQ
465320,교보15호스팩,KOSDAQ
475250,하나33호스팩,KOSDAQ
474930,신한제13호스팩,KOSDAQ
457940,에스케이증권제10호스팩,KOSDAQ
079970,투비소프트,KOSDAQ
475240,하나32호스팩,KOSDAQ
473000,에스케이증권제12호스팩,KOSDAQ
060240,스타코링크,KOSDAQ
101390,아이엠,KOSDAQ
043090,더테크놀로지,KOSDAQ
032685,소프트센우,KOSDAQ
021045,대호특수강우,KOSDAQ
